author,email,trek_slug,rating
Martina Bates,martina.bates68@outlook.com,1-night-2-days-chitwan-trip,5
Freja Barnes,freja.barnes11@hotmail.com,1-night-2-days-chitwan-trip,5
Freja Johnson,freja.johnson20@yahoo.com,1-night-2-days-chitwan-trip,5
Emma Owens,emma.owens78@icloud.com,1-night-2-days-chitwan-trip,5
Pedro Short,pedro.short32@aol.com,1-night-2-days-chitwan-trip,5
Hugo Baldwin,hugo.baldwin23@proton.me,1-night-2-days-chitwan-trip,5
Isabela Phillips,isabela.phillips10@live.com,1-night-2-days-chitwan-trip,5
Aria Lee,aria.lee11@ymail.com,1-night-2-days-chitwan-trip,5
Dylan Murphy,dylan.murphy36@gmx.com,1-night-2-days-chitwan-trip,5
Sofia Mendoza,sofia.mendoza17@mail.com,1-night-2-days-chitwan-trip,5
Annabelle Gray,annabelle.gray27@gmail.com,2-night-3-days-bardia-tour,5
Julia Saunders,julia.saunders78@outlook.com,2-night-3-days-bardia-tour,5
Paisley Harris,paisley.harris11@hotmail.com,2-night-3-days-bardia-tour,5
Chloe Allen,chloe.allen75@yahoo.com,2-night-3-days-bardia-tour,5
Alessia Kim,alessia.kim40@icloud.com,2-night-3-days-bardia-tour,5
Hannah Hill,hannah.hill88@aol.com,2-night-3-days-bardia-tour,5
Ida Kim,ida.kim58@proton.me,2-night-3-days-bardia-tour,5
Alexander Harris,alexander.harris62@live.com,2-night-3-days-bardia-tour,5
Liam Jackson,liam.jackson98@ymail.com,2-night-3-days-bardia-tour,5
Giulia Smith,giulia.smith64@gmx.com,2-night-3-days-bardia-tour,5
Sophia Parsons,sophia.parsons75@mail.com,abc-trek-nepal,5
Caleb Stevens,caleb.stevens77@gmail.com,abc-trek-nepal,5
Oscar Alexander,oscar.alexander71@outlook.com,abc-trek-nepal,5
Eliana Alvarez,eliana.alvarez24@hotmail.com,abc-trek-nepal,5
Isabela Parker,isabela.parker82@yahoo.com,abc-trek-nepal,5
Freya Hill,freya.hill51@icloud.com,abc-trek-nepal,5
Colton Carter,colton.carter70@aol.com,abc-trek-nepal,5
Stella Howard,stella.howard58@proton.me,abc-trek-nepal,5
Soren Cook,soren.cook35@live.com,abc-trek-nepal,5
Liam Thompson,liam.thompson80@ymail.com,abc-trek-nepal,5
Marco Gonzalez,marco.gonzalez70@gmx.com,abi-peak-climbing,5
Julia Morgan,julia.morgan60@mail.com,abi-peak-climbing,5
Isaac McCarthy,isaac.mccarthy67@gmail.com,abi-peak-climbing,5
Mariana Palmer,mariana.palmer57@outlook.com,abi-peak-climbing,5
Anders Morris,anders.morris54@hotmail.com,abi-peak-climbing,5
James Turner,james.turner13@yahoo.com,abi-peak-climbing,5
Layla Campbell,layla.campbell60@icloud.com,abi-peak-climbing,5
Grace Coleman,grace.coleman43@aol.com,abi-peak-climbing,5
Elise Reyes,elise.reyes98@proton.me,abi-peak-climbing,5
Larissa Collins,larissa.collins15@live.com,abi-peak-climbing,5
Hanna Wilson,hanna.wilson91@ymail.com,ama-dablam-expedition,5
Jose Diaz,jose.diaz27@gmx.com,ama-dablam-expedition,5
Hanna Adams,hanna.adams55@mail.com,ama-dablam-expedition,5
Christian Ellis,christian.ellis22@gmail.com,ama-dablam-expedition,5
Jeremiah Lewis,jeremiah.lewis90@outlook.com,ama-dablam-expedition,5
Rafaela Martin,rafaela.martin36@hotmail.com,ama-dablam-expedition,5
Ethan Simmons,ethan.simmons54@yahoo.com,ama-dablam-expedition,5
Marek Fox,marek.fox28@icloud.com,ama-dablam-expedition,5
Emma Alexander,emma.alexander42@aol.com,ama-dablam-expedition,5
Tyler Nelson,tyler.nelson60@proton.me,ama-dablam-expedition,5
Elijah Palmer,elijah.palmer50@live.com,ama-dablam-expedition-and-island-peak-climbing,5
Dominic Jordan,dominic.jordan27@ymail.com,ama-dablam-expedition-and-island-peak-climbing,5
Ethan Patel,ethan.patel27@gmx.com,ama-dablam-expedition-and-island-peak-climbing,5
Carter Mckenzie,carter.mckenzie26@mail.com,ama-dablam-expedition-and-island-peak-climbing,5
Benjamin Bennett,benjamin.bennett21@gmail.com,ama-dablam-expedition-and-island-peak-climbing,5
Eleanor Bates,eleanor.bates33@outlook.com,ama-dablam-expedition-and-island-peak-climbing,5
Colton Medina,colton.medina52@hotmail.com,ama-dablam-expedition-and-island-peak-climbing,5
Hugo Flores,hugo.flores59@yahoo.com,ama-dablam-expedition-and-island-peak-climbing,5
Aubrey Robinson,aubrey.robinson48@icloud.com,ama-dablam-expedition-and-island-peak-climbing,5
Pedro Baldwin,pedro.baldwin77@aol.com,ama-dablam-expedition-and-island-peak-climbing,5
Emil Baker,emil.baker70@proton.me,ama-dablam-expedition-with-helicopter-return,5
Tyler Davis,tyler.davis78@live.com,ama-dablam-expedition-with-helicopter-return,5
Ruby Johnson,ruby.johnson25@ymail.com,ama-dablam-expedition-with-helicopter-return,5
Zoey Anderson,zoey.anderson70@gmx.com,ama-dablam-expedition-with-helicopter-return,5
Elena Campbell,elena.campbell95@mail.com,ama-dablam-expedition-with-helicopter-return,5
Jan Murphy,jan.murphy64@gmail.com,ama-dablam-expedition-with-helicopter-return,5
Henry Walker,henry.walker31@outlook.com,ama-dablam-expedition-with-helicopter-return,5
Astrid Lawson,astrid.lawson84@hotmail.com,ama-dablam-expedition-with-helicopter-return,5
Luna Griffin,luna.griffin13@yahoo.com,ama-dablam-expedition-with-helicopter-return,5
Ruby Grant,ruby.grant61@icloud.com,ama-dablam-expedition-with-helicopter-return,5
Marcus Mason,marcus.mason82@aol.com,ama-yangri-trek,5
Anton James,anton.james85@proton.me,ama-yangri-trek,5
Marek Campbell,marek.campbell46@live.com,ama-yangri-trek,5
Alessandro Myers,alessandro.myers12@ymail.com,ama-yangri-trek,5
Annabelle Washington,annabelle.washington18@gmx.com,ama-yangri-trek,5
Felix Taylor,felix.taylor65@mail.com,ama-yangri-trek,5
Colton Rogers,colton.rogers61@gmail.com,ama-yangri-trek,5
Theo Sanchez,theo.sanchez63@outlook.com,ama-yangri-trek,5
Alessandro Griffin,alessandro.griffin30@hotmail.com,ama-yangri-trek,5
Noah Palmer,noah.palmer22@yahoo.com,ama-yangri-trek,5
Lucas James,lucas.james82@icloud.com,annapurna-base-camp-helicopter-tour,5
Elena Medina,elena.medina23@aol.com,annapurna-base-camp-helicopter-tour,5
Thomas Green,thomas.green56@proton.me,annapurna-base-camp-helicopter-tour,5
Lars Robinson,lars.robinson87@live.com,annapurna-base-camp-helicopter-tour,5
Robert Stone,robert.stone35@ymail.com,annapurna-base-camp-helicopter-tour,5
Matteo Shaw,matteo.shaw93@gmx.com,annapurna-base-camp-helicopter-tour,5
Marco Diaz,marco.diaz52@mail.com,annapurna-base-camp-helicopter-tour,5
Aaliyah Ortiz,aaliyah.ortiz22@gmail.com,annapurna-base-camp-helicopter-tour,5
Oliver Quinn,oliver.quinn99@outlook.com,annapurna-base-camp-helicopter-tour,5
Aria Quinn,aria.quinn38@hotmail.com,annapurna-base-camp-helicopter-tour,5
Piotr Herrera,piotr.herrera81@yahoo.com,annapurna-base-camp-trek,5
Martina Rodriguez,martina.rodriguez77@icloud.com,annapurna-base-camp-trek,5
Jan Wallace,jan.wallace91@aol.com,annapurna-base-camp-trek,5
Anton Rodriguez,anton.rodriguez40@proton.me,annapurna-base-camp-trek,5
Jonathan Hill,jonathan.hill28@live.com,annapurna-base-camp-trek,5
Ida Morgan,ida.morgan94@ymail.com,annapurna-base-camp-trek,5
Lillian Alexander,lillian.alexander39@gmx.com,annapurna-base-camp-trek,5
Anton Snyder,anton.snyder31@mail.com,annapurna-base-camp-trek,5
Nora Mitchell,nora.mitchell45@gmail.com,annapurna-base-camp-trek,5
Scarlett Ramirez,scarlett.ramirez78@outlook.com,annapurna-base-camp-trek,5
Hunter Russell,hunter.russell37@hotmail.com,annapurna-base-camp-trek-from-pokhara,5
Landon King,landon.king39@yahoo.com,annapurna-base-camp-trek-from-pokhara,5
Hunter Kelly,hunter.kelly37@icloud.com,annapurna-base-camp-trek-from-pokhara,5
Elijah Richardson,elijah.richardson23@aol.com,annapurna-base-camp-trek-from-pokhara,5
Evelyn Barnes,evelyn.barnes65@proton.me,annapurna-base-camp-trek-from-pokhara,5
Evelyn West,evelyn.west20@live.com,annapurna-base-camp-trek-from-pokhara,5
Xavier Bell,xavier.bell83@ymail.com,annapurna-base-camp-trek-from-pokhara,5
Michal Jackson,michal.jackson54@gmx.com,annapurna-base-camp-trek-from-pokhara,5
Ethan Cameron,ethan.cameron54@mail.com,annapurna-base-camp-trek-from-pokhara,5
Isabela Collins,isabela.collins91@gmail.com,annapurna-base-camp-trek-from-pokhara,5
Magdalena West,magdalena.west93@outlook.com,mardi-himal-trek-with-annapurna-base-camp,5
Isak Harris,isak.harris71@hotmail.com,mardi-himal-trek-with-annapurna-base-camp,5
Erik Vance,erik.vance73@yahoo.com,mardi-himal-trek-with-annapurna-base-camp,5
Robert Murray,robert.murray89@icloud.com,mardi-himal-trek-with-annapurna-base-camp,5
Luke Hayes,luke.hayes59@aol.com,mardi-himal-trek-with-annapurna-base-camp,5
Tyler Ramirez,tyler.ramirez15@proton.me,mardi-himal-trek-with-annapurna-base-camp,5
Logan Martin,logan.martin80@live.com,mardi-himal-trek-with-annapurna-base-camp,5
Landon Price,landon.price30@ymail.com,mardi-himal-trek-with-annapurna-base-camp,5
Amelia Rodgers,amelia.rodgers38@gmx.com,mardi-himal-trek-with-annapurna-base-camp,5
Dominic Watson,dominic.watson52@mail.com,mardi-himal-trek-with-annapurna-base-camp,5
Diego Cole,diego.cole11@gmail.com,annapurna-base-camp-with-ghorepani-poonhill-from-pokhara,5
Riley Rivera,riley.rivera29@outlook.com,annapurna-base-camp-with-ghorepani-poonhill-from-pokhara,5
Annabelle Turner,annabelle.turner18@hotmail.com,annapurna-base-camp-with-ghorepani-poonhill-from-pokhara,5
Ethan Rodgers,ethan.rodgers18@yahoo.com,annapurna-base-camp-with-ghorepani-poonhill-from-pokhara,5
Mateusz Carter,mateusz.carter26@icloud.com,annapurna-base-camp-with-ghorepani-poonhill-from-pokhara,5
Erik Turner,erik.turner55@aol.com,annapurna-base-camp-with-ghorepani-poonhill-from-pokhara,5
Marcus Washington,marcus.washington28@proton.me,annapurna-base-camp-with-ghorepani-poonhill-from-pokhara,5
Anton Powell,anton.powell13@live.com,annapurna-base-camp-with-ghorepani-poonhill-from-pokhara,5
Diego Baker,diego.baker65@ymail.com,annapurna-base-camp-with-ghorepani-poonhill-from-pokhara,5
Maya Palmer,maya.palmer65@gmx.com,annapurna-base-camp-with-ghorepani-poonhill-from-pokhara,5
Astrid Hamilton,astrid.hamilton93@mail.com,annapurna-base-camp-trek-with-ghorepani-poonhill-trek,5
Daniel Patel,daniel.patel91@gmail.com,annapurna-base-camp-trek-with-ghorepani-poonhill-trek,5
Hannah Hall,hannah.hall16@outlook.com,annapurna-base-camp-trek-with-ghorepani-poonhill-trek,5
Emma Parker,emma.parker96@hotmail.com,annapurna-base-camp-trek-with-ghorepani-poonhill-trek,5
Wyatt Cox,wyatt.cox66@yahoo.com,annapurna-base-camp-trek-with-ghorepani-poonhill-trek,5
Diego Douglas,diego.douglas11@icloud.com,annapurna-base-camp-trek-with-ghorepani-poonhill-trek,5
Owen Castro,owen.castro38@aol.com,annapurna-base-camp-trek-with-ghorepani-poonhill-trek,5
Madison Jones,madison.jones57@proton.me,annapurna-base-camp-trek-with-ghorepani-poonhill-trek,5
Elin Chavez,elin.chavez48@live.com,annapurna-base-camp-trek-with-ghorepani-poonhill-trek,5
Addison Hamilton,addison.hamilton29@ymail.com,annapurna-base-camp-trek-with-ghorepani-poonhill-trek,5
Larissa Ward,larissa.ward15@gmx.com,annapurna-base-camp-trek-with-mardi-himal-trek-from-pokhara,5
Oscar Murphy,oscar.murphy89@mail.com,annapurna-base-camp-trek-with-mardi-himal-trek-from-pokhara,5
Carter Edwards,carter.edwards80@gmail.com,annapurna-base-camp-trek-with-mardi-himal-trek-from-pokhara,5
Thomas Buchanan,thomas.buchanan92@outlook.com,annapurna-base-camp-trek-with-mardi-himal-trek-from-pokhara,5
Chloe Gibson,chloe.gibson66@hotmail.com,annapurna-base-camp-trek-with-mardi-himal-trek-from-pokhara,5
Marco Hill,marco.hill34@yahoo.com,annapurna-base-camp-trek-with-mardi-himal-trek-from-pokhara,5
Anna Washington,anna.washington16@icloud.com,annapurna-base-camp-trek-with-mardi-himal-trek-from-pokhara,5
Ava Reyes,ava.reyes16@aol.com,annapurna-base-camp-trek-with-mardi-himal-trek-from-pokhara,5
Leonardo Burton,leonardo.burton44@proton.me,annapurna-base-camp-trek-with-mardi-himal-trek-from-pokhara,5
Aleksandra Phillips,aleksandra.phillips42@live.com,annapurna-base-camp-trek-with-mardi-himal-trek-from-pokhara,5
Cameron Williams,cameron.williams59@ymail.com,annapurna-circuit-trek,5
Hanna Alexander,hanna.alexander73@gmx.com,annapurna-circuit-trek,5
Isabela Hamilton,isabela.hamilton91@mail.com,annapurna-circuit-trek,5
Linn Gonzalez,linn.gonzalez26@gmail.com,annapurna-circuit-trek,5
Lorenzo Johnson,lorenzo.johnson79@outlook.com,annapurna-circuit-trek,5
Emil Thomas,emil.thomas16@hotmail.com,annapurna-circuit-trek,5
Luna Wood,luna.wood49@yahoo.com,annapurna-circuit-trek,5
Alessia Davis,alessia.davis76@icloud.com,annapurna-circuit-trek,5
Savannah Edwards,savannah.edwards26@aol.com,annapurna-circuit-trek,5
Erik Gibson,erik.gibson73@proton.me,annapurna-circuit-trek,5
Pedro Barnes,pedro.barnes23@live.com,annapurna-circuit-with-tilicho-lake-trek,5
Anton Perkins,anton.perkins67@ymail.com,annapurna-circuit-with-tilicho-lake-trek,5
Lilly Hart,lilly.hart50@gmx.com,annapurna-circuit-with-tilicho-lake-trek,5
Elena Sanders,elena.sanders86@mail.com,annapurna-circuit-with-tilicho-lake-trek,5
Julian Richardson,julian.richardson35@gmail.com,annapurna-circuit-with-tilicho-lake-trek,5
Julian Russell,julian.russell17@outlook.com,annapurna-circuit-with-tilicho-lake-trek,5
Lucas Thompson,lucas.thompson18@hotmail.com,annapurna-circuit-with-tilicho-lake-trek,5
Lorenzo Brooks,lorenzo.brooks16@yahoo.com,annapurna-circuit-with-tilicho-lake-trek,5
Lucas Vasquez,lucas.vasquez46@icloud.com,annapurna-circuit-with-tilicho-lake-trek,5
Annabelle Gibson,annabelle.gibson36@aol.com,annapurna-circuit-with-tilicho-lake-trek,5
Luca Green,luca.green71@proton.me,annapurna-expedition,5
Dylan Turner,dylan.turner36@live.com,annapurna-expedition,5
Charles Zimmerman,charles.zimmerman70@ymail.com,annapurna-expedition,5
Hannah Fowler,hannah.fowler16@gmx.com,annapurna-expedition,5
Luna Gutierrez,luna.gutierrez58@mail.com,annapurna-expedition,5
Layla Harrison,layla.harrison96@gmail.com,annapurna-expedition,5
Gabriel Bell,gabriel.bell10@outlook.com,annapurna-expedition,5
Jan Parker,jan.parker10@hotmail.com,annapurna-expedition,5
Astrid Norman,astrid.norman84@yahoo.com,annapurna-expedition,5
Valentina Thomas,valentina.thomas47@icloud.com,annapurna-expedition,5
Robert Butler,robert.butler35@aol.com,annapurna-south-expedition,5
Olivia Barnes,olivia.barnes64@proton.me,annapurna-south-expedition,5
Anna Phillips,anna.phillips16@live.com,annapurna-south-expedition,5
Sebastian Gutierrez,sebastian.gutierrez36@ymail.com,annapurna-south-expedition,5
Nora Medina,nora.medina90@gmx.com,annapurna-south-expedition,5
Samuel Cooper,samuel.cooper94@mail.com,annapurna-south-expedition,5
Layla Diaz,layla.diaz78@gmail.com,annapurna-south-expedition,5
Xavier Reyes,xavier.reyes65@outlook.com,annapurna-south-expedition,5
Martina Thomas,martina.thomas95@hotmail.com,annapurna-south-expedition,5
Anders Miller,anders.miller72@yahoo.com,annapurna-south-expedition,5
Marcus Mackenzie,marcus.mackenzie82@icloud.com,api-himal-base-camp-trek,5
Eliana Wright,eliana.wright33@aol.com,api-himal-base-camp-trek,5
David Burton,david.burton27@proton.me,api-himal-base-camp-trek,5
Blake Vance,blake.vance37@live.com,api-himal-base-camp-trek,5
Alessia Mckenzie,alessia.mckenzie49@ymail.com,api-himal-base-camp-trek,5
David Baker,david.baker90@gmx.com,api-himal-base-camp-trek,5
Noah Hart,noah.hart49@mail.com,api-himal-base-camp-trek,5
Grace Diaz,grace.diaz97@gmail.com,api-himal-base-camp-trek,5
Thiago Spencer,thiago.spencer16@outlook.com,api-himal-base-camp-trek,5
Anton Bates,anton.bates31@hotmail.com,api-himal-base-camp-trek,5
Anthony Martinez,anthony.martinez69@yahoo.com,api-himal-expedition,5
Beatriz McCarthy,beatriz.mccarthy77@icloud.com,api-himal-expedition,5
Elena Aguilar,elena.aguilar86@aol.com,api-himal-expedition,5
Michal Lee,michal.lee90@proton.me,api-himal-expedition,5
Alice Reyes,alice.reyes50@live.com,api-himal-expedition,5
Thomas Wood,thomas.wood65@ymail.com,api-himal-expedition,5
Robert Parsons,robert.parsons26@gmx.com,api-himal-expedition,5
Cooper Reed,cooper.reed24@mail.com,api-himal-expedition,5
Linn Jackson,linn.jackson80@gmail.com,api-himal-expedition,5
Petra Moore,petra.moore58@outlook.com,api-himal-expedition,5
Aaron Bates,aaron.bates32@hotmail.com,atv-adventure-tour-in-pokhara,5
Jakub Sanchez,jakub.sanchez87@yahoo.com,atv-adventure-tour-in-pokhara,5
Gabriel Spencer,gabriel.spencer30@icloud.com,atv-adventure-tour-in-pokhara,5
Aleksandra Cox,aleksandra.cox60@aol.com,atv-adventure-tour-in-pokhara,5
Piotr Harrison,piotr.harrison27@proton.me,atv-adventure-tour-in-pokhara,5
Jack Chavez,jack.chavez68@live.com,atv-adventure-tour-in-pokhara,5
Luna Fox,luna.fox40@ymail.com,atv-adventure-tour-in-pokhara,5
Weronika Stevens,weronika.stevens17@gmx.com,atv-adventure-tour-in-pokhara,5
Alessandro Butler,alessandro.butler48@mail.com,atv-adventure-tour-in-pokhara,5
David Spencer,david.spencer81@gmail.com,atv-adventure-tour-in-pokhara,5
Hannah Smith,hannah.smith97@outlook.com,badimalika-trek,5
Alessandro Fraser,alessandro.fraser57@hotmail.com,badimalika-trek,5
Olivia Sullivan,olivia.sullivan19@yahoo.com,badimalika-trek,5
Kaylee Stevens,kaylee.stevens19@icloud.com,badimalika-trek,5
Noah Green,noah.green58@aol.com,badimalika-trek,5
Anton Palmer,anton.palmer67@proton.me,badimalika-trek,5
Marek Mitchell,marek.mitchell19@live.com,badimalika-trek,5
Connor Brooks,connor.brooks15@ymail.com,badimalika-trek,5
Alessandro Russell,alessandro.russell66@gmx.com,badimalika-trek,5
Zoe Hart,zoe.hart81@mail.com,badimalika-trek,5
Felix Green,felix.green47@gmail.com,bardia-jungle-safari-tour-5-days,5
Madison Sanchez,madison.sanchez57@outlook.com,bardia-jungle-safari-tour-5-days,5
Luca Reid,luca.reid89@hotmail.com,bardia-jungle-safari-tour-5-days,5
Anna Morales,anna.morales43@yahoo.com,bardia-jungle-safari-tour-5-days,5
Sigrid Moore,sigrid.moore59@icloud.com,bardia-jungle-safari-tour-5-days,5
Sigrid Evans,sigrid.evans14@aol.com,bardia-jungle-safari-tour-5-days,5
Mateusz Cole,mateusz.cole17@proton.me,bardia-jungle-safari-tour-5-days,5
Scarlett Macdonald,scarlett.macdonald33@live.com,bardia-jungle-safari-tour-5-days,5
Isak Bailey,isak.bailey62@ymail.com,bardia-jungle-safari-tour-5-days,5
Hannah Robinson,hannah.robinson61@gmx.com,bardia-jungle-safari-tour-5-days,5
Zoey Ross,zoey.ross79@mail.com,bardia-national-park-tour-4-days,5
Gabriel Macdonald,gabriel.macdonald66@gmail.com,bardia-national-park-tour-4-days,5
Ava Parsons,ava.parsons61@outlook.com,bardia-national-park-tour-4-days,5
Jeremiah Berry,jeremiah.berry63@hotmail.com,bardia-national-park-tour-4-days,5
Isaac Martinez,isaac.martinez13@yahoo.com,bardia-national-park-tour-4-days,5
Lorenzo Edwards,lorenzo.edwards34@icloud.com,bardia-national-park-tour-4-days,5
Theo Martin,theo.martin45@aol.com,bardia-national-park-tour-4-days,5
Connor Rodriguez,connor.rodriguez69@live.com,bardia-national-park-tour-4-days,5
Xavier Ortiz,xavier.ortiz29@ymail.com,bardia-national-park-tour-4-days,5
Emily Castro,emily.castro51@gmx.com,bardia-national-park-tour-4-days,5
Brooklyn Lee,brooklyn.lee77@mail.com,baruntse-expedition,5
Dominic Adams,dominic.adams45@gmail.com,baruntse-expedition,5
Ryan Anderson,ryan.anderson15@outlook.com,baruntse-expedition,5
Lars Mendoza,lars.mendoza51@hotmail.com,baruntse-expedition,5
Paisley Dean,paisley.dean83@yahoo.com,baruntse-expedition,5
Dylan Marshall,dylan.marshall81@icloud.com,baruntse-expedition,5
Zoe Clark,zoe.clark18@aol.com,baruntse-expedition,5
Sofia Palmer,sofia.palmer69@proton.me,baruntse-expedition,5
Amelia Shaw,amelia.shaw74@live.com,baruntse-expedition,5
Eleanor Stone,eleanor.stone96@ymail.com,baruntse-expedition,5
Anton Bennett,anton.bennett58@gmx.com,baruntse-expedition-with-mera-peak-climbing,5
Hanna Foster,hanna.foster46@mail.com,baruntse-expedition-with-mera-peak-climbing,5
Giulia Shaw,giulia.shaw10@gmail.com,baruntse-expedition-with-mera-peak-climbing,5
Christopher Moore,christopher.moore75@outlook.com,baruntse-expedition-with-mera-peak-climbing,5
Isabelle Rivera,isabelle.rivera94@hotmail.com,baruntse-expedition-with-mera-peak-climbing,5
Hugo Jordan,hugo.jordan77@yahoo.com,baruntse-expedition-with-mera-peak-climbing,5
Eleanor Stewart,eleanor.stewart15@icloud.com,baruntse-expedition-with-mera-peak-climbing,5
Zoe Hamilton,zoe.hamilton54@aol.com,baruntse-expedition-with-mera-peak-climbing,5
Giulia Jordan,giulia.jordan46@proton.me,baruntse-expedition-with-mera-peak-climbing,5
Oliver Crawford,oliver.crawford63@live.com,baruntse-expedition-with-mera-peak-climbing,5
Landon White,landon.white39@ymail.com,best-of-nepal-tour,5
Luca Romero,luca.romero53@gmx.com,best-of-nepal-tour,5
Addison Garcia,addison.garcia83@mail.com,best-of-nepal-tour,5
Grace Herrera,grace.herrera79@gmail.com,best-of-nepal-tour,5
Hannah Ortiz,hannah.ortiz25@outlook.com,best-of-nepal-tour,5
Henry Ramirez,henry.ramirez22@hotmail.com,best-of-nepal-tour,5
Gabriel Foster,gabriel.foster84@yahoo.com,best-of-nepal-tour,5
Jonathan Allen,jonathan.allen10@icloud.com,best-of-nepal-tour,5
Dominic Thomas,dominic.thomas27@aol.com,best-of-nepal-tour,5
Larissa Reynolds,larissa.reynolds51@proton.me,best-of-nepal-tour,5
Cameron Reed,cameron.reed86@live.com,bhaktapur-day-tour,5
Matteo Kelly,matteo.kelly93@ymail.com,bhaktapur-day-tour,5
Christian Cole,christian.cole67@gmx.com,bhaktapur-day-tour,5
Xavier Nelson,xavier.nelson74@mail.com,bhaktapur-day-tour,5
Nathan Zimmerman,nathan.zimmerman61@gmail.com,bhaktapur-day-tour,5
Harper Griffin,harper.griffin25@outlook.com,bhaktapur-day-tour,5
Francesco Hayes,francesco.hayes47@hotmail.com,bhaktapur-day-tour,5
Piotr Holmes,piotr.holmes18@yahoo.com,bhaktapur-day-tour,5
Julian Davis,julian.davis62@icloud.com,bhaktapur-day-tour,5
Ethan McCarthy,ethan.mccarthy99@aol.com,bhaktapur-day-tour,5
Penelope Morales,penelope.morales56@proton.me,bird-watching-in-chitwan-national-park,5
Gustav Pearson,gustav.pearson12@live.com,bird-watching-in-chitwan-national-park,5
Magdalena Jordan,magdalena.jordan66@ymail.com,bird-watching-in-chitwan-national-park,5
Dylan Parsons,dylan.parsons99@gmx.com,bird-watching-in-chitwan-national-park,5
Ella Rivera,ella.rivera28@mail.com,bird-watching-in-chitwan-national-park,5
Larissa Wallace,larissa.wallace87@gmail.com,bird-watching-in-chitwan-national-park,5
Daniel Bennett,daniel.bennett64@outlook.com,bird-watching-in-chitwan-national-park,5
Aubrey Rivera,aubrey.rivera66@hotmail.com,bird-watching-in-chitwan-national-park,5
Gustav Patel,gustav.patel57@yahoo.com,bird-watching-in-chitwan-national-park,5
Lucy Douglas,lucy.douglas48@icloud.com,bird-watching-in-chitwan-national-park,5
Isak Cook,isak.cook71@aol.com,bird-watching-in-kathmandu-valley,5
Giada Nguyen,giada.nguyen55@proton.me,bird-watching-in-kathmandu-valley,5
Giulia Ortiz,giulia.ortiz82@live.com,bird-watching-in-kathmandu-valley,5
Ana Hughes,ana.hughes16@ymail.com,bird-watching-in-kathmandu-valley,5
Hunter Short,hunter.short64@gmx.com,bird-watching-in-kathmandu-valley,5
Freya Patel,freya.patel69@mail.com,bird-watching-in-kathmandu-valley,5
Ruby Wood,ruby.wood88@gmail.com,bird-watching-in-kathmandu-valley,5
Emma Perkins,emma.perkins15@outlook.com,bird-watching-in-kathmandu-valley,5
Marco Nelson,marco.nelson16@hotmail.com,bird-watching-in-kathmandu-valley,5
Ellie Turner,ellie.turner71@yahoo.com,bird-watching-in-kathmandu-valley,5
Ida Lee,ida.lee40@icloud.com,bird-watching-in-pokhara-lakes,5
Austin Hill,austin.hill56@aol.com,bird-watching-in-pokhara-lakes,5
Elena Green,elena.green77@proton.me,bird-watching-in-pokhara-lakes,5
Ana Holloway,ana.holloway97@live.com,bird-watching-in-pokhara-lakes,5
Freja Jones,freja.jones29@ymail.com,bird-watching-in-pokhara-lakes,5
Hannah Gray,hannah.gray52@gmx.com,bird-watching-in-pokhara-lakes,5
Elise Miller,elise.miller62@mail.com,bird-watching-in-pokhara-lakes,5
Emily Bailey,emily.bailey33@gmail.com,bird-watching-in-pokhara-lakes,5
Jordan Crawford,jordan.crawford77@outlook.com,bird-watching-in-pokhara-lakes,5
Gabriel Pearson,gabriel.pearson57@hotmail.com,bird-watching-in-pokhara-lakes,5
Claire Marshall,claire.marshall27@yahoo.com,bokta-peak-climbing,5
Alice Lopez,alice.lopez59@icloud.com,bokta-peak-climbing,5
Ava Clark,ava.clark97@aol.com,bokta-peak-climbing,5
Cameron Macdonald,cameron.macdonald86@proton.me,bokta-peak-climbing,5
Elise Ellis,elise.ellis71@live.com,bokta-peak-climbing,5
Riley Kennedy,riley.kennedy56@ymail.com,bokta-peak-climbing,5
Isak Russell,isak.russell98@gmx.com,bokta-peak-climbing,5
Ryan Tran,ryan.tran96@mail.com,bokta-peak-climbing,5
Giulia Bates,giulia.bates19@gmail.com,bokta-peak-climbing,5
Landon Collins,landon.collins84@outlook.com,bokta-peak-climbing,5
Anthony Hart,anthony.hart60@hotmail.com,buddhist-pilgrimage-tour-nepal,5
Austin Owens,austin.owens29@yahoo.com,buddhist-pilgrimage-tour-nepal,5
Emily Evans,emily.evans96@icloud.com,buddhist-pilgrimage-tour-nepal,5
Charles Ramos,charles.ramos25@aol.com,buddhist-pilgrimage-tour-nepal,5
Leonardo Walker,leonardo.walker98@proton.me,buddhist-pilgrimage-tour-nepal,5
Paisley Fowler,paisley.fowler11@live.com,buddhist-pilgrimage-tour-nepal,5
Lilly Richardson,lilly.richardson86@ymail.com,buddhist-pilgrimage-tour-nepal,5
Marek Grant,marek.grant10@gmx.com,buddhist-pilgrimage-tour-nepal,5
Robert Green,robert.green44@mail.com,buddhist-pilgrimage-tour-nepal,5
Thomas Marshall,thomas.marshall20@gmail.com,buddhist-pilgrimage-tour-nepal,5
Kaylee Buchanan,kaylee.buchanan73@outlook.com,bungee-jump-in-bhote-koshi,5
Addison Sinclair,addison.sinclair38@hotmail.com,bungee-jump-in-bhote-koshi,5
Hanna Holloway,hanna.holloway10@yahoo.com,bungee-jump-in-bhote-koshi,5
Felix Price,felix.price47@icloud.com,bungee-jump-in-bhote-koshi,5
Nathan Lee,nathan.lee61@aol.com,bungee-jump-in-bhote-koshi,5
Michal Buchanan,michal.buchanan36@proton.me,bungee-jump-in-bhote-koshi,5
Isabelle Miller,isabelle.miller40@live.com,bungee-jump-in-bhote-koshi,5
Anna Lopez,anna.lopez79@ymail.com,bungee-jump-in-bhote-koshi,5
Thiago Myers,thiago.myers61@gmx.com,bungee-jump-in-bhote-koshi,5
Mariana Snyder,mariana.snyder21@mail.com,bungee-jump-in-bhote-koshi,5
Owen Pearson,owen.pearson74@gmail.com,bungee-jump-in-kushma,5
Brooklyn Campbell,brooklyn.campbell95@outlook.com,bungee-jump-in-kushma,5
Elena Mckenzie,elena.mckenzie14@hotmail.com,bungee-jump-in-kushma,5
Violet White,violet.white16@yahoo.com,bungee-jump-in-kushma,5
Freya Fernandez,freya.fernandez60@icloud.com,bungee-jump-in-kushma,5
Finn Brown,finn.brown76@aol.com,bungee-jump-in-kushma,5
Lillian Carter,lillian.carter12@proton.me,bungee-jump-in-kushma,5
Henry Richardson,henry.richardson58@live.com,bungee-jump-in-kushma,5
Erik Patterson,erik.patterson64@ymail.com,bungee-jump-in-kushma,5
Francesco Owens,francesco.owens56@gmx.com,bungee-jump-in-kushma,5
Chloe Perkins,chloe.perkins93@mail.com,bungee-jumping-in-pokhara,5
Jose Rodriguez,jose.rodriguez72@gmail.com,bungee-jumping-in-pokhara,5
David Gibson,david.gibson18@outlook.com,bungee-jumping-in-pokhara,5
Natalie Sinclair,natalie.sinclair30@hotmail.com,bungee-jumping-in-pokhara,5
Thiago Cruz,thiago.cruz34@yahoo.com,bungee-jumping-in-pokhara,5
Liam Owens,liam.owens71@icloud.com,bungee-jumping-in-pokhara,5
Thiago Mendoza,thiago.mendoza97@aol.com,bungee-jumping-in-pokhara,5
Zofia Quinn,zofia.quinn75@proton.me,bungee-jumping-in-pokhara,5
Kevin Peterson,kevin.peterson58@live.com,bungee-jumping-in-pokhara,5
Sebastian Gray,sebastian.gray36@ymail.com,bungee-jumping-in-pokhara,5
Christian Romero,christian.romero94@gmx.com,bungmati-khokana-village-tour,5
Gabriel Romero,gabriel.romero12@mail.com,bungmati-khokana-village-tour,5
Aurora Mason,aurora.mason41@gmail.com,bungmati-khokana-village-tour,5
Isabelle Hart,isabelle.hart40@outlook.com,bungmati-khokana-village-tour,5
Adam Warner,adam.warner92@hotmail.com,bungmati-khokana-village-tour,5
Henry Price,henry.price31@yahoo.com,bungmati-khokana-village-tour,5
Isak Ruiz,isak.ruiz53@icloud.com,bungmati-khokana-village-tour,5
Chiara Gomez,chiara.gomez36@aol.com,bungmati-khokana-village-tour,5
Ingrid Quinn,ingrid.quinn52@proton.me,bungmati-khokana-village-tour,5
Ruby Perkins,ruby.perkins43@live.com,bungmati-khokana-village-tour,5
Xavier Tran,xavier.tran11@ymail.com,chamlang-expedition,5
Connor Perry,connor.perry78@gmx.com,chamlang-expedition,5
Amelia Gonzalez,amelia.gonzalez65@mail.com,chamlang-expedition,5
Kevin Gonzalez,kevin.gonzalez58@gmail.com,chamlang-expedition,5
Paisley Gomez,paisley.gomez29@outlook.com,chamlang-expedition,5
Anna Russell,anna.russell52@hotmail.com,chamlang-expedition,5
Aaliyah Perez,aaliyah.perez94@yahoo.com,chamlang-expedition,5
Violet Rivera,violet.rivera52@icloud.com,chamlang-expedition,5
Thiago Martinez,thiago.martinez16@aol.com,chamlang-expedition,5
Dylan Perkins,dylan.perkins81@proton.me,chamlang-expedition,5
Jose Barnes,jose.barnes72@live.com,chandragiri-cable-car-tour,5
Dominic Rodriguez,dominic.rodriguez79@ymail.com,chandragiri-cable-car-tour,5
Amelia Pearson,amelia.pearson92@gmx.com,chandragiri-cable-car-tour,5
Cooper Castro,cooper.castro69@mail.com,chandragiri-cable-car-tour,5
Theo Williams,theo.williams27@gmail.com,chandragiri-cable-car-tour,5
Mariana Newman,mariana.newman48@outlook.com,chandragiri-cable-car-tour,5
Samuel Baldwin,samuel.baldwin58@hotmail.com,chandragiri-cable-car-tour,5
Weronika Quinn,weronika.quinn62@yahoo.com,chandragiri-cable-car-tour,5
Jack Russell,jack.russell41@icloud.com,chandragiri-cable-car-tour,5
Jeremiah Gray,jeremiah.gray54@aol.com,chandragiri-cable-car-tour,5
David Fisher,david.fisher54@proton.me,chitwan-national-park-tour-3-days,5
Annabelle Henderson,annabelle.henderson63@live.com,chitwan-national-park-tour-3-days,5
Zofia Cruz,zofia.cruz66@ymail.com,chitwan-national-park-tour-3-days,5
Marco Simmons,marco.simmons79@gmx.com,chitwan-national-park-tour-3-days,5
Zofia King,zofia.king57@mail.com,chitwan-national-park-tour-3-days,5
Tyler Medina,tyler.medina60@gmail.com,chitwan-national-park-tour-3-days,5
Gabriel Lewis,gabriel.lewis19@outlook.com,chitwan-national-park-tour-3-days,5
Daniel Hooper,daniel.hooper82@hotmail.com,chitwan-national-park-tour-3-days,5
Stella Hill,stella.hill40@yahoo.com,chitwan-national-park-tour-3-days,5
Tyler Wilson,tyler.wilson33@icloud.com,chitwan-national-park-tour-3-days,5
Weronika Todd,weronika.todd44@aol.com,chitwan-national-park-tour-4-days,5
Felix Aguilar,felix.aguilar56@proton.me,chitwan-national-park-tour-4-days,5
Alessandro Watson,alessandro.watson57@live.com,chitwan-national-park-tour-4-days,5
Maya Lawson,maya.lawson56@ymail.com,chitwan-national-park-tour-4-days,5
Grace Perkins,grace.perkins79@gmx.com,chitwan-national-park-tour-4-days,5
Emily Foster,emily.foster24@mail.com,chitwan-national-park-tour-4-days,5
Layla Crawford,layla.crawford87@gmail.com,chitwan-national-park-tour-4-days,5
Ruby Fisher,ruby.fisher52@outlook.com,chitwan-national-park-tour-4-days,5
Jordan Fisher,jordan.fisher59@hotmail.com,chitwan-national-park-tour-4-days,5
Lucas Collins,lucas.collins64@yahoo.com,chitwan-national-park-tour-4-days,5
Lucas Perez,lucas.perez73@icloud.com,cholatse-expedition,5
Rafaela King,rafaela.king18@aol.com,cholatse-expedition,5
Anna Turner,anna.turner52@proton.me,cholatse-expedition,5
Jakub Hall,jakub.hall24@live.com,cholatse-expedition,5
Aria Hayes,aria.hayes29@ymail.com,cholatse-expedition,5
Rafaela Russell,rafaela.russell18@gmx.com,cholatse-expedition,5
Soren King,soren.king62@mail.com,cholatse-expedition,5
Ava Aguilar,ava.aguilar88@gmail.com,cholatse-expedition,5
Sophia Wilson,sophia.wilson12@outlook.com,cholatse-expedition,5
Olivia Alexander,olivia.alexander28@hotmail.com,cholatse-expedition,5
Christian Medina,christian.medina58@yahoo.com,chulu-east-peak-climbing,5
Landon Mason,landon.mason93@icloud.com,chulu-east-peak-climbing,5
Daniel Sanchez,daniel.sanchez64@aol.com,chulu-east-peak-climbing,5
Mateusz Wallace,mateusz.wallace98@proton.me,chulu-east-peak-climbing,5
Ana Palmer,ana.palmer43@live.com,chulu-east-peak-climbing,5
Sebastian Evans,sebastian.evans54@ymail.com,chulu-east-peak-climbing,5
Ana Castro,ana.castro70@gmx.com,chulu-east-peak-climbing,5
Mariana Allen,mariana.allen39@mail.com,chulu-east-peak-climbing,5
Isabela Fowler,isabela.fowler19@gmail.com,chulu-east-peak-climbing,5
Isabelle Jenkins,isabelle.jenkins22@outlook.com,chulu-east-peak-climbing,5
Mariana Simmons,mariana.simmons12@hotmail.com,chulu-far-east-climbing,5
Theo Herrera,theo.herrera72@yahoo.com,chulu-far-east-climbing,5
Alexander Sanchez,alexander.sanchez35@icloud.com,chulu-far-east-climbing,5
Brooklyn Stewart,brooklyn.stewart77@aol.com,chulu-far-east-climbing,5
Eliana Garcia,eliana.garcia69@proton.me,chulu-far-east-climbing,5
Mason Parsons,mason.parsons96@live.com,chulu-far-east-climbing,5
Christopher Reynolds,christopher.reynolds84@ymail.com,chulu-far-east-climbing,5
Sofia Owens,sofia.owens42@gmx.com,chulu-far-east-climbing,5
Isaac Carter,isaac.carter67@mail.com,chulu-far-east-climbing,5
Julian Hughes,julian.hughes35@gmail.com,chulu-far-east-climbing,5
Tyler Robinson,tyler.robinson51@outlook.com,chulu-west-peak-climbing,5
Anders Stevens,anders.stevens63@hotmail.com,chulu-west-peak-climbing,5
Tomasz Woods,tomasz.woods22@yahoo.com,chulu-west-peak-climbing,5
Stella Cooper,stella.cooper13@icloud.com,chulu-west-peak-climbing,5
Jan Phillips,jan.phillips28@aol.com,chulu-west-peak-climbing,5
Jose Harris,jose.harris27@proton.me,chulu-west-peak-climbing,5
Carter Cruz,carter.cruz17@live.com,chulu-west-peak-climbing,5
Hanna Crawford,hanna.crawford73@ymail.com,chulu-west-peak-climbing,5
Katarzyna Thomas,katarzyna.thomas38@gmx.com,chulu-west-peak-climbing,5
Zofia Watkins,zofia.watkins66@mail.com,chulu-west-peak-climbing,5
Maja Baldwin,maja.baldwin79@gmail.com,churen-himal-base-camp-trek,5
Levi Barnes,levi.barnes73@outlook.com,churen-himal-base-camp-trek,5
Giada Crawford,giada.crawford55@hotmail.com,churen-himal-base-camp-trek,5
Elena Price,elena.price77@yahoo.com,churen-himal-base-camp-trek,5
Blake Fernandez,blake.fernandez73@icloud.com,churen-himal-base-camp-trek,5
Lovisa Scott,lovisa.scott65@aol.com,churen-himal-base-camp-trek,5
Kevin Rogers,kevin.rogers13@proton.me,churen-himal-base-camp-trek,5
Lucas Dean,lucas.dean36@live.com,churen-himal-base-camp-trek,5
Penelope Howard,penelope.howard92@ymail.com,churen-himal-base-camp-trek,5
Zoe Fowler,zoe.fowler72@gmx.com,churen-himal-base-camp-trek,5
Maya Mason,maya.mason27@mail.com,cross-country-paragliding-in-pokhara,5
Tyler Rodgers,tyler.rodgers87@gmail.com,cross-country-paragliding-in-pokhara,5
Layla Morales,layla.morales42@outlook.com,cross-country-paragliding-in-pokhara,5
Aaliyah Ramos,aaliyah.ramos76@hotmail.com,cross-country-paragliding-in-pokhara,5
Owen Mason,owen.mason20@yahoo.com,cross-country-paragliding-in-pokhara,5
Robert Baker,robert.baker53@icloud.com,cross-country-paragliding-in-pokhara,5
Clara Bates,clara.bates91@aol.com,cross-country-paragliding-in-pokhara,5
Noah Cole,noah.cole13@proton.me,cross-country-paragliding-in-pokhara,5
Anna Patel,anna.patel79@live.com,cross-country-paragliding-in-pokhara,5
Gustav Holloway,gustav.holloway93@ymail.com,cross-country-paragliding-in-pokhara,5
Tomasz Kelly,tomasz.kelly85@gmx.com,dhampus-peak-climbing,5
Nathan Butler,nathan.butler52@mail.com,dhampus-peak-climbing,5
Michal Sullivan,michal.sullivan72@gmail.com,dhampus-peak-climbing,5
Ingrid Wood,ingrid.wood34@outlook.com,dhampus-peak-climbing,5
Carter Shaw,carter.shaw98@hotmail.com,dhampus-peak-climbing,5
Austin Stewart,austin.stewart92@yahoo.com,dhampus-peak-climbing,5
Zoe Murray,zoe.murray45@icloud.com,dhampus-peak-climbing,5
Mason Cameron,mason.cameron33@aol.com,dhampus-peak-climbing,5
Clara Shaw,clara.shaw82@proton.me,dhampus-peak-climbing,5
Gustav Mendoza,gustav.mendoza66@live.com,dhampus-peak-climbing,5
Gabriel Moore,gabriel.moore21@ymail.com,dhaulagiri-circuit-trek,5
Ava Vance,ava.vance16@gmx.com,dhaulagiri-circuit-trek,5
Finn Mitchell,finn.mitchell85@mail.com,dhaulagiri-circuit-trek,5
Luca King,luca.king80@gmail.com,dhaulagiri-circuit-trek,5
Dylan Rogers,dylan.rogers72@outlook.com,dhaulagiri-circuit-trek,5
Gustav Macdonald,gustav.macdonald21@hotmail.com,dhaulagiri-circuit-trek,5
Theo Sinclair,theo.sinclair81@yahoo.com,dhaulagiri-circuit-trek,5
David Bryant,david.bryant72@icloud.com,dhaulagiri-circuit-trek,5
Gustav Gray,gustav.gray93@aol.com,dhaulagiri-circuit-trek,5
Kevin Perez,kevin.perez31@proton.me,dhaulagiri-circuit-trek,5
Joao Anderson,joao.anderson26@live.com,dhulikhel-namobuddha-hike,5
Lovisa Woods,lovisa.woods56@ymail.com,dhulikhel-namobuddha-hike,5
Layla McCarthy,layla.mccarthy60@gmx.com,dhulikhel-namobuddha-hike,5
Aleksandra Quinn,aleksandra.quinn96@mail.com,dhulikhel-namobuddha-hike,5
Riley Owens,riley.owens11@gmail.com,dhulikhel-namobuddha-hike,5
Freya Collins,freya.collins51@outlook.com,dhulikhel-namobuddha-hike,5
Lorenzo Mason,lorenzo.mason16@hotmail.com,dhulikhel-namobuddha-hike,5
Sebastian Mason,sebastian.mason81@yahoo.com,dhulikhel-namobuddha-hike,5
Hugo Hill,hugo.hill86@icloud.com,dhulikhel-namobuddha-hike,5
Agnieszka Mendoza,agnieszka.mendoza25@aol.com,dhulikhel-namobuddha-hike,5
Stella Stevens,stella.stevens58@proton.me,dorje-lakpa-expedition,5
Marco Hart,marco.hart61@live.com,dorje-lakpa-expedition,5
Valentina Romero,valentina.romero74@ymail.com,dorje-lakpa-expedition,5
Caleb Price,caleb.price95@gmx.com,dorje-lakpa-expedition,5
Petra Castro,petra.castro58@mail.com,dorje-lakpa-expedition,5
Addison Stewart,addison.stewart65@gmail.com,dorje-lakpa-expedition,5
Weronika Fernandez,weronika.fernandez98@outlook.com,dorje-lakpa-expedition,5
Grace Saunders,grace.saunders97@hotmail.com,dorje-lakpa-expedition,5
Addison Mitchell,addison.mitchell56@yahoo.com,dorje-lakpa-expedition,5
Piotr Gomez,piotr.gomez27@icloud.com,dorje-lakpa-expedition,5
Aria Stewart,aria.stewart11@aol.com,everest-and-lhotse-expedition,5
Benjamin Moore,benjamin.moore57@proton.me,everest-and-lhotse-expedition,5
Oliver Lopez,oliver.lopez18@live.com,everest-and-lhotse-expedition,5
Charles Alexander,charles.alexander61@ymail.com,everest-and-lhotse-expedition,5
Enzo Perry,enzo.perry31@gmx.com,everest-and-lhotse-expedition,5
Avery Thompson,avery.thompson28@mail.com,everest-and-lhotse-expedition,5
Julia Hughes,julia.hughes33@gmail.com,everest-and-lhotse-expedition,5
Ana Butler,ana.butler70@outlook.com,everest-and-lhotse-expedition,5
Thiago Garcia,thiago.garcia34@hotmail.com,everest-and-lhotse-expedition,5
Natalie Cook,natalie.cook39@yahoo.com,everest-and-lhotse-expedition,5
Chloe Stewart,chloe.stewart39@icloud.com,everest-base-camp-helicopter-tour,5
Claire Brooks,claire.brooks36@aol.com,everest-base-camp-helicopter-tour,5
Eliana Shaw,eliana.shaw60@proton.me,everest-base-camp-helicopter-tour,5
Soren Sanchez,soren.sanchez98@live.com,everest-base-camp-helicopter-tour,5
Luna Jackson,luna.jackson94@ymail.com,everest-base-camp-helicopter-tour,5
Kaylee Quinn,kaylee.quinn64@gmx.com,everest-base-camp-helicopter-tour,5
Isaac Newman,isaac.newman58@mail.com,everest-base-camp-helicopter-tour,5
Noah Clark,noah.clark51@gmail.com,everest-base-camp-helicopter-tour,5
Anthony Hayes,anthony.hayes87@outlook.com,everest-base-camp-helicopter-tour,5
Jonathan Adams,jonathan.adams37@hotmail.com,everest-base-camp-helicopter-tour,5
Jeremiah McCarthy,jeremiah.mccarthy90@yahoo.com,everest-base-camp-trek,5
Landon Simmons,landon.simmons39@icloud.com,everest-base-camp-trek,5
Charles Perry,charles.perry16@aol.com,everest-base-camp-trek,5
Caleb Nelson,caleb.nelson41@proton.me,everest-base-camp-trek,5
Isabela Simmons,isabela.simmons46@live.com,everest-base-camp-trek,5
Christopher Ellis,christopher.ellis84@ymail.com,everest-base-camp-trek,5
Lucy Hart,lucy.hart84@gmx.com,everest-base-camp-trek,5
Sofia Castillo,sofia.castillo51@mail.com,everest-base-camp-trek,5
Chloe Foster,chloe.foster93@gmail.com,everest-base-camp-trek,5
Larissa Tran,larissa.tran24@outlook.com,everest-base-camp-trek,5
Evelyn Carter,evelyn.carter92@hotmail.com,everest-base-camp-trek-with-gokyo-lakes-and-cho-la-pass,5
Samuel Turner,samuel.turner76@yahoo.com,everest-base-camp-trek-with-gokyo-lakes-and-cho-la-pass,5
Aurora Hooper,aurora.hooper41@icloud.com,everest-base-camp-trek-with-gokyo-lakes-and-cho-la-pass,5
Clara Cook,clara.cook55@aol.com,everest-base-camp-trek-with-gokyo-lakes-and-cho-la-pass,5
Larissa Romero,larissa.romero33@proton.me,everest-base-camp-trek-with-gokyo-lakes-and-cho-la-pass,5
Enzo Wilson,enzo.wilson94@live.com,everest-base-camp-trek-with-gokyo-lakes-and-cho-la-pass,5
Weronika Kelly,weronika.kelly44@ymail.com,everest-base-camp-trek-with-gokyo-lakes-and-cho-la-pass,5
Mateus Fowler,mateus.fowler40@gmx.com,everest-base-camp-trek-with-gokyo-lakes-and-cho-la-pass,5
James Peterson,james.peterson94@mail.com,everest-base-camp-trek-with-gokyo-lakes-and-cho-la-pass,5
Alexander Reid,alexander.reid98@gmail.com,everest-base-camp-trek-with-gokyo-lakes-and-cho-la-pass,5
Luna Nguyen,luna.nguyen31@outlook.com,everest-base-camp-trek-with-helicopter-return,5
Natalie Long,natalie.long75@hotmail.com,everest-base-camp-trek-with-helicopter-return,5
Harper Carter,harper.carter16@yahoo.com,everest-base-camp-trek-with-helicopter-return,5
Robert Turner,robert.turner53@icloud.com,everest-base-camp-trek-with-helicopter-return,5
Olivia Moreno,olivia.moreno46@aol.com,everest-base-camp-trek-with-helicopter-return,5
Wyatt Hill,wyatt.hill39@proton.me,everest-base-camp-trek-with-helicopter-return,5
Marco Gutierrez,marco.gutierrez88@live.com,everest-base-camp-trek-with-helicopter-return,5
Sean Douglas,sean.douglas21@ymail.com,everest-base-camp-trek-with-helicopter-return,5
Beatriz Washington,beatriz.washington32@gmx.com,everest-base-camp-trek-with-helicopter-return,5
Theo Coleman,theo.coleman36@mail.com,everest-base-camp-trek-with-helicopter-return,5
Piotr Kim,piotr.kim45@gmail.com,everest-expedition,5
Noah Mckenzie,noah.mckenzie85@outlook.com,everest-expedition,5
Grace McCarthy,grace.mccarthy79@hotmail.com,everest-expedition,5
Mason Watkins,mason.watkins42@yahoo.com,everest-expedition,5
Eliana Anderson,eliana.anderson33@icloud.com,everest-expedition,5
Oliver Morris,oliver.morris45@aol.com,everest-expedition,5
Maja Fraser,maja.fraser88@proton.me,everest-expedition,5
Petra Moreno,petra.moreno76@live.com,everest-expedition,5
Savannah West,savannah.west17@ymail.com,everest-expedition,5
Pedro Gonzalez,pedro.gonzalez86@gmx.com,everest-expedition,5
Aleksandra Torres,aleksandra.torres87@mail.com,everest-mountain-flight,5
Mariana Ramirez,mariana.ramirez84@gmail.com,everest-mountain-flight,5
Chiara Fernandez,chiara.fernandez99@outlook.com,everest-mountain-flight,5
Levi Morris,levi.morris19@hotmail.com,everest-mountain-flight,5
Elin Ford,elin.ford30@yahoo.com,everest-mountain-flight,5
Thomas Diaz,thomas.diaz38@icloud.com,everest-mountain-flight,5
Nathan Romero,nathan.romero43@aol.com,everest-mountain-flight,5
Julia Romero,julia.romero78@proton.me,everest-mountain-flight,5
Anton Grant,anton.grant85@live.com,everest-mountain-flight,5
Marek Shaw,marek.shaw37@ymail.com,everest-mountain-flight,5
Lars Smith,lars.smith33@gmx.com,everest-three-pass-trek,5
Enzo Ramirez,enzo.ramirez76@mail.com,everest-three-pass-trek,5
Ana Morgan,ana.morgan43@gmail.com,everest-three-pass-trek,5
Lucas Stone,lucas.stone91@outlook.com,everest-three-pass-trek,5
Mateusz Hernandez,mateusz.hernandez35@hotmail.com,everest-three-pass-trek,5
Joao Palmer,joao.palmer98@yahoo.com,everest-three-pass-trek,5
Zoey Ortiz,zoey.ortiz79@icloud.com,everest-three-pass-trek,5
Aaliyah Rodriguez,aaliyah.rodriguez58@aol.com,everest-three-pass-trek,5
Owen Ford,owen.ford65@proton.me,everest-three-pass-trek,5
Olivia Clark,olivia.clark55@live.com,everest-three-pass-trek,5
Alessandro Rogers,alessandro.rogers12@ymail.com,everest-view-trek,5
Theo Watson,theo.watson18@gmx.com,everest-view-trek,5
Thomas Lawson,thomas.lawson11@mail.com,everest-view-trek,5
Michal Hart,michal.hart81@gmail.com,everest-view-trek,5
Lilly Bell,lilly.bell14@outlook.com,everest-view-trek,5
Hugo West,hugo.west14@hotmail.com,everest-view-trek,5
Nathan Murphy,nathan.murphy70@yahoo.com,everest-view-trek,5
Maja Hernandez,maja.hernandez61@icloud.com,everest-view-trek,5
Eleanor Castro,eleanor.castro96@aol.com,everest-view-trek,5
Lars James,lars.james42@proton.me,everest-view-trek,5
Thiago Stewart,thiago.stewart16@live.com,five-himalayan-viewpoints-tour-from-pokhara,5
Maya Dean,maya.dean18@ymail.com,five-himalayan-viewpoints-tour-from-pokhara,5
Addison Brooks,addison.brooks38@gmx.com,five-himalayan-viewpoints-tour-from-pokhara,5
Linn Dean,linn.dean80@mail.com,five-himalayan-viewpoints-tour-from-pokhara,5
Savannah Carter,savannah.carter89@gmail.com,five-himalayan-viewpoints-tour-from-pokhara,5
Michal Parsons,michal.parsons72@outlook.com,five-himalayan-viewpoints-tour-from-pokhara,5
Lovisa Mendoza,lovisa.mendoza11@hotmail.com,five-himalayan-viewpoints-tour-from-pokhara,5
Anna Hughes,anna.hughes70@yahoo.com,five-himalayan-viewpoints-tour-from-pokhara,5
Marco Lopez,marco.lopez16@icloud.com,five-himalayan-viewpoints-tour-from-pokhara,5
Lucas Morris,lucas.morris73@aol.com,five-himalayan-viewpoints-tour-from-pokhara,5
Alexander Anderson,alexander.anderson62@proton.me,ganesh-himal-trek,5
Christopher Sullivan,christopher.sullivan66@live.com,ganesh-himal-trek,5
Enzo Hart,enzo.hart76@ymail.com,ganesh-himal-trek,5
Nathan Cameron,nathan.cameron70@gmx.com,ganesh-himal-trek,5
Freya Jenkins,freya.jenkins60@mail.com,ganesh-himal-trek,5
Jakub Quinn,jakub.quinn69@gmail.com,ganesh-himal-trek,5
Hunter Ramirez,hunter.ramirez19@outlook.com,ganesh-himal-trek,5
Cameron Alexander,cameron.alexander41@hotmail.com,ganesh-himal-trek,5
Dominic Kim,dominic.kim90@yahoo.com,ganesh-himal-trek,5
Isabelle Herrera,isabelle.herrera13@icloud.com,ganesh-himal-trek,5
Gustav Bennett,gustav.bennett30@aol.com,gangapurna-expedition,5
Christian Campbell,christian.campbell76@proton.me,gangapurna-expedition,5
Francesca Patel,francesca.patel60@live.com,gangapurna-expedition,5
Emma Bell,emma.bell96@ymail.com,gangapurna-expedition,5
Hugo Miller,hugo.miller23@gmx.com,gangapurna-expedition,5
Alexander Williams,alexander.williams89@mail.com,gangapurna-expedition,5
Evelyn Griffin,evelyn.griffin11@gmail.com,gangapurna-expedition,5
Carter Wallace,carter.wallace35@outlook.com,gangapurna-expedition,5
Leonardo Cook,leonardo.cook80@hotmail.com,gangapurna-expedition,5
Ava Short,ava.short25@yahoo.com,gangapurna-expedition,5
Luca Stewart,luca.stewart71@icloud.com,ghalegaun-ghanpokhara-village-tour,5
Hugo Kennedy,hugo.kennedy14@aol.com,ghalegaun-ghanpokhara-village-tour,5
Francesco Fox,francesco.fox29@proton.me,ghalegaun-ghanpokhara-village-tour,5
Mateus Peterson,mateus.peterson58@live.com,ghalegaun-ghanpokhara-village-tour,5
Carter Ward,carter.ward53@ymail.com,ghalegaun-ghanpokhara-village-tour,5
Leonardo Diaz,leonardo.diaz80@gmx.com,ghalegaun-ghanpokhara-village-tour,5
Nora Bryant,nora.bryant45@mail.com,ghalegaun-ghanpokhara-village-tour,5
Marco Robinson,marco.robinson97@gmail.com,ghalegaun-ghanpokhara-village-tour,5
Rafaela Reyes,rafaela.reyes36@outlook.com,ghalegaun-ghanpokhara-village-tour,5
Mateus Ramirez,mateus.ramirez49@hotmail.com,ghalegaun-ghanpokhara-village-tour,5
Jonas Short,jonas.short41@yahoo.com,glimpse-of-nepal-tour,5
Beatriz Brown,beatriz.brown95@icloud.com,glimpse-of-nepal-tour,5
Diego Macdonald,diego.macdonald92@aol.com,glimpse-of-nepal-tour,5
Thiago Henderson,thiago.henderson70@proton.me,glimpse-of-nepal-tour,5
Isabelle Mackenzie,isabelle.mackenzie22@live.com,glimpse-of-nepal-tour,5
Luna Wilson,luna.wilson49@ymail.com,glimpse-of-nepal-tour,5
Daniel Flores,daniel.flores46@gmx.com,glimpse-of-nepal-tour,5
Landon Burton,landon.burton66@mail.com,glimpse-of-nepal-tour,5
Grace Romero,grace.romero97@gmail.com,glimpse-of-nepal-tour,5
Maya Todd,maya.todd20@outlook.com,glimpse-of-nepal-tour,5
Alice Patel,alice.patel95@hotmail.com,gokyo-lake-trek,5
Emery Walker,emery.walker85@yahoo.com,gokyo-lake-trek,5
Ella Butler,ella.butler64@icloud.com,gokyo-lake-trek,5
Alexander Owens,alexander.owens17@aol.com,gokyo-lake-trek,5
Weronika Short,weronika.short71@proton.me,gokyo-lake-trek,5
Sigrid Morgan,sigrid.morgan32@live.com,gokyo-lake-trek,5
Marek Baker,marek.baker37@ymail.com,gokyo-lake-trek,5
Thiago Jordan,thiago.jordan61@gmx.com,gokyo-lake-trek,5
Hugo Mendoza,hugo.mendoza23@mail.com,gokyo-lake-trek,5
Madison Romero,madison.romero84@gmail.com,gokyo-lake-trek,5
Anthony Wright,anthony.wright51@outlook.com,gorakshep-to-kathmandu-helicopter-flight,5
Mateusz Grant,mateusz.grant44@hotmail.com,gorakshep-to-kathmandu-helicopter-flight,5
Maya Reynolds,maya.reynolds11@yahoo.com,gorakshep-to-kathmandu-helicopter-flight,5
Riley West,riley.west56@icloud.com,gorakshep-to-kathmandu-helicopter-flight,5
Lars Ward,lars.ward24@aol.com,gorakshep-to-kathmandu-helicopter-flight,5
Ana Collins,ana.collins43@proton.me,gorakshep-to-kathmandu-helicopter-flight,5
Lucia Murphy,lucia.murphy72@live.com,gorakshep-to-kathmandu-helicopter-flight,5
Paisley Jordan,paisley.jordan74@ymail.com,gorakshep-to-kathmandu-helicopter-flight,5
Michal Norman,michal.norman45@gmx.com,gorakshep-to-kathmandu-helicopter-flight,5
Kacper Stone,kacper.stone32@mail.com,gorakshep-to-kathmandu-helicopter-flight,5
Samuel Jimenez,samuel.jimenez94@gmail.com,gorakshep-to-lukla-helicopter-flight,5
Gustav Gibson,gustav.gibson12@outlook.com,gorakshep-to-lukla-helicopter-flight,5
Wyatt Thompson,wyatt.thompson21@hotmail.com,gorakshep-to-lukla-helicopter-flight,5
Magdalena Ford,magdalena.ford39@yahoo.com,gorakshep-to-lukla-helicopter-flight,5
Sofia Myers,sofia.myers60@icloud.com,gorakshep-to-lukla-helicopter-flight,5
Harper Davis,harper.davis16@aol.com,gorakshep-to-lukla-helicopter-flight,5
Kacper Hayes,kacper.hayes59@proton.me,gorakshep-to-lukla-helicopter-flight,5
Lucas Nelson,lucas.nelson18@live.com,gorakshep-to-lukla-helicopter-flight,5
Felix Ruiz,felix.ruiz11@ymail.com,gorakshep-to-lukla-helicopter-flight,5
Tyler Ramos,tyler.ramos69@gmx.com,gorakshep-to-lukla-helicopter-flight,5
Lorenzo Cole,lorenzo.cole88@mail.com,gosaikunda-lake-trek,5
Cooper Harrison,cooper.harrison78@gmail.com,gosaikunda-lake-trek,5
Larissa Roberts,larissa.roberts78@outlook.com,gosaikunda-lake-trek,5
Paisley Sinclair,paisley.sinclair92@hotmail.com,gosaikunda-lake-trek,5
Paisley Holmes,paisley.holmes20@yahoo.com,gosaikunda-lake-trek,5
Claire Macdonald,claire.macdonald99@icloud.com,gosaikunda-lake-trek,5
Sofia Alexander,sofia.alexander17@aol.com,gosaikunda-lake-trek,5
Henry Pearson,henry.pearson58@proton.me,gosaikunda-lake-trek,5
Lukasz Woods,lukasz.woods50@live.com,gosaikunda-lake-trek,5
Kevin Fraser,kevin.fraser58@ymail.com,gosaikunda-lake-trek,5
Isaac Pearson,isaac.pearson40@gmx.com,gosainkunda-holy-tour,5
Matteo Vance,matteo.vance21@mail.com,gosainkunda-holy-tour,5
Scarlett Newman,scarlett.newman42@gmail.com,gosainkunda-holy-tour,5
Isak Smith,isak.smith62@outlook.com,gosainkunda-holy-tour,5
Lucas Hamilton,lucas.hamilton36@hotmail.com,gosainkunda-holy-tour,5
Kevin Campbell,kevin.campbell76@yahoo.com,gosainkunda-holy-tour,5
Agnieszka Ortiz,agnieszka.ortiz25@icloud.com,gosainkunda-holy-tour,5
Pedro Evans,pedro.evans32@aol.com,gosainkunda-holy-tour,5
Larissa Cox,larissa.cox42@proton.me,gosainkunda-holy-tour,5
Freya Herrera,freya.herrera51@live.com,gosainkunda-holy-tour,5
Jack Vance,jack.vance59@ymail.com,guerrilla-trek,5
Clara Sanchez,clara.sanchez28@gmx.com,guerrilla-trek,5
Felix Woods,felix.woods83@mail.com,guerrilla-trek,5
Lucia Coleman,lucia.coleman81@gmail.com,guerrilla-trek,5
Agnieszka Ramirez,agnieszka.ramirez25@outlook.com,guerrilla-trek,5
Pedro Morris,pedro.morris59@hotmail.com,guerrilla-trek,5
Madison Fraser,madison.fraser12@yahoo.com,guerrilla-trek,5
Freja Jackson,freja.jackson38@icloud.com,guerrilla-trek,5
Aurora Medina,aurora.medina14@aol.com,guerrilla-trek,5
Alessandro Garcia,alessandro.garcia75@proton.me,guerrilla-trek,5
Landon Todd,landon.todd39@live.com,helambu-trek,5
Giulia Buchanan,giulia.buchanan37@ymail.com,helambu-trek,5
Jakub Harris,jakub.harris24@gmx.com,helambu-trek,5
Robert Moreno,robert.moreno53@mail.com,helambu-trek,5
Ethan Phillips,ethan.phillips18@gmail.com,helambu-trek,5
Kevin Brown,kevin.brown40@outlook.com,helambu-trek,5
Penelope Allen,penelope.allen56@hotmail.com,helambu-trek,5
Lucy Graham,lucy.graham30@yahoo.com,helambu-trek,5
Emma Stone,emma.stone42@icloud.com,helambu-trek,5
Lucas Campbell,lucas.campbell36@aol.com,helambu-trek,5
Oliver Griffin,oliver.griffin45@proton.me,himalayan-village-tour,5
Ava Campbell,ava.campbell43@live.com,himalayan-village-tour,5
Jonas Anderson,jonas.anderson77@ymail.com,himalayan-village-tour,5
Larissa Gomez,larissa.gomez51@gmx.com,himalayan-village-tour,5
Freya Campbell,freya.campbell15@mail.com,himalayan-village-tour,5
Madison Morgan,madison.morgan66@gmail.com,himalayan-village-tour,5
Lars Thomas,lars.thomas15@outlook.com,himalayan-village-tour,5
Aaliyah Scott,aaliyah.scott76@hotmail.com,himalayan-village-tour,5
Marcus Johnson,marcus.johnson55@yahoo.com,himalayan-village-tour,5
Austin Robinson,austin.robinson29@icloud.com,himalayan-village-tour,5
Alessandro Wood,alessandro.wood66@aol.com,himlung-himal-expedition,5
Charlotte Adams,charlotte.adams80@proton.me,himlung-himal-expedition,5
Sophia Spencer,sophia.spencer93@live.com,himlung-himal-expedition,5
Joanna Gonzalez,joanna.gonzalez49@ymail.com,himlung-himal-expedition,5
Christian Graham,christian.graham49@gmx.com,himlung-himal-expedition,5
Clara Quinn,clara.quinn10@mail.com,himlung-himal-expedition,5
Noah Scott,noah.scott13@gmail.com,himlung-himal-expedition,5
Matteo Lee,matteo.lee84@outlook.com,himlung-himal-expedition,5
Martina Wells,martina.wells95@hotmail.com,himlung-himal-expedition,5
Alessandro Palmer,alessandro.palmer21@yahoo.com,himlung-himal-expedition,5
Noah Stewart,noah.stewart33@icloud.com,hindu-pilgrimage-tour,5
Beatriz Garcia,beatriz.garcia41@aol.com,hindu-pilgrimage-tour,5
Oscar Hayes,oscar.hayes98@proton.me,hindu-pilgrimage-tour,5
Alessandro Jenkins,alessandro.jenkins30@live.com,hindu-pilgrimage-tour,5
Charlotte Hayes,charlotte.hayes35@ymail.com,hindu-pilgrimage-tour,5
Hannah Turner,hannah.turner43@gmx.com,hindu-pilgrimage-tour,5
Pedro Rogers,pedro.rogers41@mail.com,hindu-pilgrimage-tour,5
Valentina Taylor,valentina.taylor20@gmail.com,hindu-pilgrimage-tour,5
Dominic Berry,dominic.berry99@outlook.com,hindu-pilgrimage-tour,5
Katarzyna Cook,katarzyna.cook65@hotmail.com,hindu-pilgrimage-tour,5
Hannah King,hannah.king43@yahoo.com,humla-limi-valley-trek,5
Luke Zimmerman,luke.zimmerman41@icloud.com,humla-limi-valley-trek,5
Zofia Gonzalez,zofia.gonzalez48@aol.com,humla-limi-valley-trek,5
Lucy Norman,lucy.norman48@proton.me,humla-limi-valley-trek,5
Cooper Medina,cooper.medina24@live.com,humla-limi-valley-trek,5
Chiara Ramirez,chiara.ramirez27@ymail.com,humla-limi-valley-trek,5
Gabriel Butler,gabriel.butler21@gmx.com,humla-limi-valley-trek,5
Lucy Castillo,lucy.castillo39@mail.com,humla-limi-valley-trek,5
Anton Nelson,anton.nelson49@gmail.com,humla-limi-valley-trek,5
Enzo Wells,enzo.wells40@outlook.com,humla-limi-valley-trek,5
Luke Norman,luke.norman86@hotmail.com,island-mera-peak-climbing-with-gokyo-ebc,5
Weronika Thompson,weronika.thompson71@yahoo.com,island-mera-peak-climbing-with-gokyo-ebc,5
Isabela Williams,isabela.williams46@icloud.com,island-mera-peak-climbing-with-gokyo-ebc,5
Paisley Campbell,paisley.campbell83@aol.com,island-mera-peak-climbing-with-gokyo-ebc,5
Kaylee Lee,kaylee.lee37@proton.me,island-mera-peak-climbing-with-gokyo-ebc,5
Camila Powell,camila.powell65@live.com,island-mera-peak-climbing-with-gokyo-ebc,5
Liam Sanchez,liam.sanchez89@ymail.com,island-mera-peak-climbing-with-gokyo-ebc,5
Benjamin Price,benjamin.price66@gmx.com,island-mera-peak-climbing-with-gokyo-ebc,5
James Thomas,james.thomas49@mail.com,island-mera-peak-climbing-with-gokyo-ebc,5
Nathan McCarthy,nathan.mccarthy25@gmail.com,island-mera-peak-climbing-with-gokyo-ebc,5
Mateus Ellis,mateus.ellis58@outlook.com,island-peak-climbing,5
Brooklyn Shaw,brooklyn.shaw86@hotmail.com,island-peak-climbing,5
Avery Zimmerman,avery.zimmerman82@yahoo.com,island-peak-climbing,5
Harper Mckenzie,harper.mckenzie79@icloud.com,island-peak-climbing,5
Jakub Alvarez,jakub.alvarez15@aol.com,island-peak-climbing,5
Charles Howard,charles.howard52@proton.me,island-peak-climbing,5
Luke Brooks,luke.brooks14@live.com,island-peak-climbing,5
Oliver Bell,oliver.bell27@ymail.com,island-peak-climbing,5
Alexander Reynolds,alexander.reynolds80@gmx.com,island-peak-climbing,5
Tyler Gonzalez,tyler.gonzalez24@mail.com,island-peak-climbing,5
Evelyn Bennett,evelyn.bennett83@gmail.com,island-peak-climbing-from-chhukung,5
Ryan Holmes,ryan.holmes24@outlook.com,island-peak-climbing-from-chhukung,5
Tyler Campbell,tyler.campbell42@hotmail.com,island-peak-climbing-from-chhukung,5
Magdalena Herrera,magdalena.herrera75@yahoo.com,island-peak-climbing-from-chhukung,5
Mateusz Stewart,mateusz.stewart62@icloud.com,island-peak-climbing-from-chhukung,5
Robert Hill,robert.hill98@aol.com,island-peak-climbing-from-chhukung,5
Austin Peterson,austin.peterson92@proton.me,island-peak-climbing-from-chhukung,5
Charles Parsons,charles.parsons52@live.com,island-peak-climbing-from-chhukung,5
Francesca Henderson,francesca.henderson42@ymail.com,island-peak-climbing-from-chhukung,5
Lovisa Lawson,lovisa.lawson65@gmx.com,island-peak-climbing-from-chhukung,5
Kaylee Washington,kaylee.washington46@mail.com,island-peak-climbing-with-helicopter-return,5
Anna Moreno,anna.moreno16@gmail.com,island-peak-climbing-with-helicopter-return,5
Lovisa Hughes,lovisa.hughes47@outlook.com,island-peak-climbing-with-helicopter-return,5
Dylan Reid,dylan.reid45@hotmail.com,island-peak-climbing-with-helicopter-return,5
Noah Hill,noah.hill22@yahoo.com,island-peak-climbing-with-helicopter-return,5
Aurora White,aurora.white77@icloud.com,island-peak-climbing-with-helicopter-return,5
Brooklyn Stone,brooklyn.stone68@aol.com,island-peak-climbing-with-helicopter-return,5
Riley Buchanan,riley.buchanan20@proton.me,island-peak-climbing-with-helicopter-return,5
Mason Chavez,mason.chavez60@live.com,island-peak-climbing-with-helicopter-return,5
Agnieszka Nguyen,agnieszka.nguyen25@ymail.com,island-peak-climbing-with-helicopter-return,5
Savannah Gray,savannah.gray53@gmx.com,jomsom-dolpo-trek,5
Ingrid Robinson,ingrid.robinson52@mail.com,jomsom-dolpo-trek,5
Aaliyah Moore,aaliyah.moore22@gmail.com,jomsom-dolpo-trek,5
Carter Fisher,carter.fisher62@outlook.com,jomsom-dolpo-trek,5
Dylan Adams,dylan.adams90@hotmail.com,jomsom-dolpo-trek,5
Clara Evans,clara.evans19@yahoo.com,jomsom-dolpo-trek,5
Logan Palmer,logan.palmer17@icloud.com,jomsom-dolpo-trek,5
Larissa Wilson,larissa.wilson60@aol.com,jomsom-dolpo-trek,5
Marco Parsons,marco.parsons52@proton.me,jomsom-dolpo-trek,5
Mason Crawford,mason.crawford15@live.com,jomsom-dolpo-trek,5
Finn Thomas,finn.thomas49@ymail.com,jomsom-muktinath-trek,5
Lucia Hill,lucia.hill27@gmx.com,jomsom-muktinath-trek,5
Harper Clark,harper.clark70@mail.com,jomsom-muktinath-trek,5
Noah Romero,noah.romero15@gmail.com,jomsom-muktinath-trek,5
Thomas Saunders,thomas.saunders38@outlook.com,jomsom-muktinath-trek,5
Zoe Sanders,zoe.sanders99@hotmail.com,jomsom-muktinath-trek,5
Lars Nelson,lars.nelson96@yahoo.com,jomsom-muktinath-trek,5
Wyatt Jenkins,wyatt.jenkins48@icloud.com,jomsom-muktinath-trek,5
Christian Morris,christian.morris85@aol.com,jomsom-muktinath-trek,5
Sophia Peterson,sophia.peterson93@proton.me,jomsom-muktinath-trek,5
Landon Kim,landon.kim48@live.com,jomsom-muktinath-trek-from-pokhara,5
David Ruiz,david.ruiz45@ymail.com,jomsom-muktinath-trek-from-pokhara,5
Mateus Parker,mateus.parker13@gmx.com,jomsom-muktinath-trek-from-pokhara,5
Mariana Bryant,mariana.bryant84@mail.com,jomsom-muktinath-trek-from-pokhara,5
Ingrid Ellis,ingrid.ellis25@gmail.com,jomsom-muktinath-trek-from-pokhara,5
Alexandra Macdonald,alexandra.macdonald37@outlook.com,jomsom-muktinath-trek-from-pokhara,5
Dominic Henderson,dominic.henderson16@hotmail.com,jomsom-muktinath-trek-from-pokhara,5
Piotr Long,piotr.long45@yahoo.com,jomsom-muktinath-trek-from-pokhara,5
Pedro Perez,pedro.perez59@icloud.com,jomsom-muktinath-trek-from-pokhara,5
Matteo Alexander,matteo.alexander75@aol.com,jomsom-muktinath-trek-from-pokhara,5
Emery Allen,emery.allen31@proton.me,jugal-himal-gyalzen-peak-climbing,5
Mateusz Butler,mateusz.butler53@live.com,jugal-himal-gyalzen-peak-climbing,5
Henry Scott,henry.scott76@ymail.com,jugal-himal-gyalzen-peak-climbing,5
Dominic Sanchez,dominic.sanchez97@gmx.com,jugal-himal-gyalzen-peak-climbing,5
James Reed,james.reed40@mail.com,jugal-himal-gyalzen-peak-climbing,5
Tyler Murphy,tyler.murphy33@gmail.com,jugal-himal-gyalzen-peak-climbing,5
Gabriel Morris,gabriel.morris93@outlook.com,jugal-himal-gyalzen-peak-climbing,5
Ruby Edwards,ruby.edwards70@hotmail.com,jugal-himal-gyalzen-peak-climbing,5
Zoey Lopez,zoey.lopez34@yahoo.com,jugal-himal-gyalzen-peak-climbing,5
Lillian Rodgers,lillian.rodgers21@icloud.com,jugal-himal-gyalzen-peak-climbing,5
Paisley Long,paisley.long47@aol.com,kalapatthar-to-kathmandu-helicopter-flight,5
Katarzyna Davis,katarzyna.davis47@proton.me,kalapatthar-to-kathmandu-helicopter-flight,5
Valentina Norman,valentina.norman47@live.com,kalapatthar-to-kathmandu-helicopter-flight,5
Aaron Snyder,aaron.snyder32@ymail.com,kalapatthar-to-kathmandu-helicopter-flight,5
Ellie Mitchell,ellie.mitchell53@gmx.com,kalapatthar-to-kathmandu-helicopter-flight,5
Freja Long,freja.long92@mail.com,kalapatthar-to-kathmandu-helicopter-flight,5
Kaylee Lopez,kaylee.lopez73@gmail.com,kalapatthar-to-kathmandu-helicopter-flight,5
Lovisa Stewart,lovisa.stewart20@outlook.com,kalapatthar-to-kathmandu-helicopter-flight,5
Zofia Holloway,zofia.holloway66@hotmail.com,kalapatthar-to-kathmandu-helicopter-flight,5
Linn Buchanan,linn.buchanan62@yahoo.com,kalapatthar-to-kathmandu-helicopter-flight,5
Elijah Campbell,elijah.campbell14@icloud.com,kanchenjunga-circuit-trek,5
Francesco Wells,francesco.wells74@aol.com,kanchenjunga-circuit-trek,5
Felix Cook,felix.cook29@proton.me,kanchenjunga-circuit-trek,5
Emil Rodgers,emil.rodgers34@live.com,kanchenjunga-circuit-trek,5
Violet Grant,violet.grant79@ymail.com,kanchenjunga-circuit-trek,5
Martina Robinson,martina.robinson77@gmx.com,kanchenjunga-circuit-trek,5
Mateusz Lopez,mateusz.lopez98@mail.com,kanchenjunga-circuit-trek,5
Olivia Watkins,olivia.watkins55@gmail.com,kanchenjunga-circuit-trek,5
Jordan Smith,jordan.smith59@outlook.com,kanchenjunga-circuit-trek,5
Harper Thomas,harper.thomas97@hotmail.com,kanchenjunga-circuit-trek,5
Benjamin Cruz,benjamin.cruz84@yahoo.com,kanchenjunga-north-base-camp-trek,5
Tyler Hooper,tyler.hooper87@icloud.com,kanchenjunga-north-base-camp-trek,5
Amelia Evans,amelia.evans11@aol.com,kanchenjunga-north-base-camp-trek,5
Francesco Jenkins,francesco.jenkins92@proton.me,kanchenjunga-north-base-camp-trek,5
James Bryant,james.bryant85@live.com,kanchenjunga-north-base-camp-trek,5
Piotr Myers,piotr.myers72@ymail.com,kanchenjunga-north-base-camp-trek,5
Ingrid Price,ingrid.price25@gmx.com,kanchenjunga-north-base-camp-trek,5
Austin Buchanan,austin.buchanan38@mail.com,kanchenjunga-north-base-camp-trek,5
Chloe Hooper,chloe.hooper12@gmail.com,kanchenjunga-north-base-camp-trek,5
Lillian Martinez,lillian.martinez48@outlook.com,kanchenjunga-north-base-camp-trek,5
Amelia Castro,amelia.castro56@hotmail.com,kanchenjunga-south-base-camp-trek,5
Carter Phillips,carter.phillips62@yahoo.com,kanchenjunga-south-base-camp-trek,5
Astrid Morales,astrid.morales75@icloud.com,kanchenjunga-south-base-camp-trek,5
Lillian Phillips,lillian.phillips21@aol.com,kanchenjunga-south-base-camp-trek,5
Isaac Douglas,isaac.douglas58@proton.me,kanchenjunga-south-base-camp-trek,5
Luna Flores,luna.flores67@live.com,kanchenjunga-south-base-camp-trek,5
Anthony Herrera,anthony.herrera33@ymail.com,kanchenjunga-south-base-camp-trek,5
Ella Adams,ella.adams46@gmx.com,kanchenjunga-south-base-camp-trek,5
Soren Taylor,soren.taylor71@mail.com,kanchenjunga-south-base-camp-trek,5
Freja Douglas,freja.douglas29@gmail.com,kanchenjunga-south-base-camp-trek,5
Thiago Grant,thiago.grant88@outlook.com,kang-guru-expedition,5
Lorenzo Vance,lorenzo.vance70@hotmail.com,kang-guru-expedition,5
Beatriz James,beatriz.james95@yahoo.com,kang-guru-expedition,5
Lucia Sullivan,lucia.sullivan45@icloud.com,kang-guru-expedition,5
Joanna Stewart,joanna.stewart49@aol.com,kang-guru-expedition,5
David Lee,david.lee81@proton.me,kang-guru-expedition,5
Paisley Owens,paisley.owens56@live.com,kang-guru-expedition,5
Aaron Walker,aaron.walker14@ymail.com,kang-guru-expedition,5
Gabriel Stevens,gabriel.stevens37@gmx.com,kang-guru-expedition,5
Anna Brooks,anna.brooks16@mail.com,kang-guru-expedition,5
Mateusz Powell,mateusz.powell62@gmail.com,kanjirowa-expedition,5
Nora King,nora.king63@outlook.com,kanjirowa-expedition,5
Reagan Murray,reagan.murray62@hotmail.com,kanjirowa-expedition,5
Logan Ward,logan.ward17@yahoo.com,kanjirowa-expedition,5
Stella Cook,stella.cook58@icloud.com,kanjirowa-expedition,5
Nathan Reyes,nathan.reyes88@aol.com,kanjirowa-expedition,5
Sophia Moreno,sophia.moreno12@proton.me,kanjirowa-expedition,5
Sophia Ortiz,sophia.ortiz84@live.com,kanjirowa-expedition,5
Harper Gonzalez,harper.gonzalez52@ymail.com,kanjirowa-expedition,5
Logan Cook,logan.cook35@gmx.com,kanjirowa-expedition,5
Henry Long,henry.long49@mail.com,kathmandu-pokhara-tour,5
Astrid Crawford,astrid.crawford30@gmail.com,kathmandu-pokhara-tour,5
Hunter Thomas,hunter.thomas73@outlook.com,kathmandu-pokhara-tour,5
Reagan Perez,reagan.perez80@hotmail.com,kathmandu-pokhara-tour,5
Natalie Butler,natalie.butler48@yahoo.com,kathmandu-pokhara-tour,5
Charlotte Todd,charlotte.todd26@icloud.com,kathmandu-pokhara-tour,5
Lillian Stevens,lillian.stevens30@aol.com,kathmandu-pokhara-tour,5
Anton Patterson,anton.patterson31@proton.me,kathmandu-pokhara-tour,5
Kacper Stewart,kacper.stewart41@live.com,kathmandu-pokhara-tour,5
Annabelle McCarthy,annabelle.mccarthy63@ymail.com,kathmandu-pokhara-tour,5
Magdalena Newman,magdalena.newman66@gmx.com,kathmandu-day-tour,5
Lucas Robinson,lucas.robinson99@mail.com,kathmandu-day-tour,5
Thomas Hayes,thomas.hayes74@gmail.com,kathmandu-day-tour,5
James Snyder,james.snyder22@outlook.com,kathmandu-day-tour,5
Benjamin Hart,benjamin.hart57@hotmail.com,kathmandu-day-tour,5
Alice Howard,alice.howard95@yahoo.com,kathmandu-day-tour,5
Elin Campbell,elin.campbell30@icloud.com,kathmandu-day-tour,5
Madison Watkins,madison.watkins30@aol.com,kathmandu-day-tour,5
Francesco Taylor,francesco.taylor47@proton.me,kathmandu-day-tour,5
Felix Morgan,felix.morgan11@live.com,kathmandu-day-tour,5
Claire Rodriguez,claire.rodriguez90@ymail.com,kathmandu-to-lukla-helicopter-flight,5
Zoe Ramirez,zoe.ramirez81@gmx.com,kathmandu-to-lukla-helicopter-flight,5
Tyler Jenkins,tyler.jenkins87@mail.com,kathmandu-to-lukla-helicopter-flight,5
Agnieszka Hernandez,agnieszka.hernandez97@gmail.com,kathmandu-to-lukla-helicopter-flight,5
Lovisa Clark,lovisa.clark38@outlook.com,kathmandu-to-lukla-helicopter-flight,5
Colton Mckenzie,colton.mckenzie43@hotmail.com,kathmandu-to-lukla-helicopter-flight,5
Pedro Campbell,pedro.campbell50@yahoo.com,kathmandu-to-lukla-helicopter-flight,5
Scarlett Cook,scarlett.cook69@icloud.com,kathmandu-to-lukla-helicopter-flight,5
Thomas Owens,thomas.owens83@aol.com,kathmandu-to-lukla-helicopter-flight,5
Ana Flores,ana.flores16@live.com,kathmandu-to-lukla-helicopter-flight,5
Elena Wilson,elena.wilson86@ymail.com,kathmandu-valley-tour,5
Mason Turner,mason.turner33@gmx.com,kathmandu-valley-tour,5
Isak Snyder,isak.snyder17@mail.com,kathmandu-valley-tour,5
Ellie Harrison,ellie.harrison62@gmail.com,kathmandu-valley-tour,5
Lucia Howard,lucia.howard45@outlook.com,kathmandu-valley-tour,5
Jordan Ward,jordan.ward50@hotmail.com,kathmandu-valley-tour,5
Madison Hill,madison.hill66@yahoo.com,kathmandu-valley-tour,5
Sophia Morales,sophia.morales39@icloud.com,kathmandu-valley-tour,5
Ava Johnson,ava.johnson25@aol.com,kathmandu-valley-tour,5
Stella Watkins,stella.watkins94@proton.me,kathmandu-valley-tour,5
Camila Adams,camila.adams38@live.com,khopra-danda-trek,5
Emil Garcia,emil.garcia79@ymail.com,khopra-danda-trek,5
Pedro Watson,pedro.watson86@gmx.com,khopra-danda-trek,5
Julian Watson,julian.watson98@mail.com,khopra-danda-trek,5
Jonas Sullivan,jonas.sullivan77@gmail.com,khopra-danda-trek,5
Mateusz Ward,mateusz.ward26@outlook.com,khopra-danda-trek,5
Felix Russell,felix.russell56@hotmail.com,khopra-danda-trek,5
Luca Gray,luca.gray89@yahoo.com,khopra-danda-trek,5
Chloe Cooper,chloe.cooper66@icloud.com,khopra-danda-trek,5
Jack Baker,jack.baker41@aol.com,khopra-danda-trek,5
Emery Perry,emery.perry31@proton.me,khopra-danda-trek-from-pokhara,5
Elin Evans,elin.evans48@live.com,khopra-danda-trek-from-pokhara,5
Stella Alvarez,stella.alvarez49@ymail.com,khopra-danda-trek-from-pokhara,5
Sofia Shaw,sofia.shaw24@gmx.com,khopra-danda-trek-from-pokhara,5
Dominic Morris,dominic.morris45@mail.com,khopra-danda-trek-from-pokhara,5
Lillian Bennett,lillian.bennett93@gmail.com,khopra-danda-trek-from-pokhara,5
Annabelle Vance,annabelle.vance36@outlook.com,khopra-danda-trek-from-pokhara,5
Jan Holloway,jan.holloway73@hotmail.com,khopra-danda-trek-from-pokhara,5
Anthony Ward,anthony.ward33@yahoo.com,khopra-danda-trek-from-pokhara,5
Jeremiah Ford,jeremiah.ford54@icloud.com,khopra-danda-trek-from-pokhara,5
Francesco Vance,francesco.vance56@aol.com,khori-himal-trek,5
Avery Cruz,avery.cruz10@proton.me,khori-himal-trek,5
Dylan Todd,dylan.todd36@live.com,khori-himal-trek,5
Mateus Walker,mateus.walker58@ymail.com,khori-himal-trek,5
Jonathan Hall,jonathan.hall46@gmx.com,khori-himal-trek,5
Larissa Buchanan,larissa.buchanan87@mail.com,khori-himal-trek,5
Liam Spencer,liam.spencer44@gmail.com,khori-himal-trek,5
Noah Reed,noah.reed69@outlook.com,khori-himal-trek,5
Anthony Watson,anthony.watson69@hotmail.com,khori-himal-trek,5
Petra Edwards,petra.edwards58@yahoo.com,khori-himal-trek,5
Lucia Turner,lucia.turner72@icloud.com,khori-himal-trek-from-pokhara,5
Penelope Burton,penelope.burton56@aol.com,khori-himal-trek-from-pokhara,5
Luca Owens,luca.owens98@proton.me,khori-himal-trek-from-pokhara,5
Evelyn Davis,evelyn.davis92@live.com,khori-himal-trek-from-pokhara,5
Elise Roberts,elise.roberts98@ymail.com,khori-himal-trek-from-pokhara,5
Noah Dean,noah.dean87@gmx.com,khori-himal-trek-from-pokhara,5
Enzo Walker,enzo.walker85@mail.com,khori-himal-trek-from-pokhara,5
Isak Palmer,isak.palmer53@gmail.com,khori-himal-trek-from-pokhara,5
Alexander Alvarez,alexander.alvarez53@outlook.com,khori-himal-trek-from-pokhara,5
Elin White,elin.white21@hotmail.com,khori-himal-trek-from-pokhara,5
Camila Myers,camila.myers20@yahoo.com,koshi-tappu-wildlife-reserve-tour,5
Owen Buchanan,owen.buchanan83@icloud.com,koshi-tappu-wildlife-reserve-tour,5
Anton Price,anton.price13@aol.com,koshi-tappu-wildlife-reserve-tour,5
Hugo Bryant,hugo.bryant23@proton.me,koshi-tappu-wildlife-reserve-tour,5
Freja Peterson,freja.peterson74@live.com,koshi-tappu-wildlife-reserve-tour,5
Camila Hill,camila.hill29@ymail.com,koshi-tappu-wildlife-reserve-tour,5
Luke Douglas,luke.douglas86@gmx.com,koshi-tappu-wildlife-reserve-tour,5
Ethan Ford,ethan.ford63@mail.com,koshi-tappu-wildlife-reserve-tour,5
Anna Hooper,anna.hooper16@gmail.com,koshi-tappu-wildlife-reserve-tour,5
Penelope Carter,penelope.carter74@outlook.com,koshi-tappu-wildlife-reserve-tour,5
Ida Foster,ida.foster94@hotmail.com,kusum-kanguru-peak-climbing,5
Penelope Newman,penelope.newman65@yahoo.com,kusum-kanguru-peak-climbing,5
Magdalena Collins,magdalena.collins75@icloud.com,kusum-kanguru-peak-climbing,5
Sean Long,sean.long84@aol.com,kusum-kanguru-peak-climbing,5
Mateus Gutierrez,mateus.gutierrez76@proton.me,kusum-kanguru-peak-climbing,5
Chiara Parker,chiara.parker81@live.com,kusum-kanguru-peak-climbing,5
Jordan Rogers,jordan.rogers41@ymail.com,kusum-kanguru-peak-climbing,5
Ethan Bell,ethan.bell90@gmx.com,kusum-kanguru-peak-climbing,5
Giada Powell,giada.powell64@mail.com,kusum-kanguru-peak-climbing,5
Alice Short,alice.short59@gmail.com,kusum-kanguru-peak-climbing,5
Maja Flores,maja.flores25@outlook.com,kwangde-peak-climbing,5
Chiara Newman,chiara.newman81@hotmail.com,kwangde-peak-climbing,5
Harper Miller,harper.miller43@yahoo.com,kwangde-peak-climbing,5
Savannah Alexander,savannah.alexander26@icloud.com,kwangde-peak-climbing,5
Luke Perry,luke.perry77@aol.com,kwangde-peak-climbing,5
Paisley Henderson,paisley.henderson83@proton.me,kwangde-peak-climbing,5
Jack Butler,jack.butler23@live.com,kwangde-peak-climbing,5
Riley Fraser,riley.fraser74@ymail.com,kwangde-peak-climbing,5
Savannah Hart,savannah.hart26@gmx.com,kwangde-peak-climbing,5
Theo Allen,theo.allen54@mail.com,kwangde-peak-climbing,5
Aaron Castillo,aaron.castillo50@gmail.com,kyajo-ri-peak-climbing,5
Grace Bennett,grace.bennett70@outlook.com,kyajo-ri-peak-climbing,5
Christopher Zimmerman,christopher.zimmerman84@hotmail.com,kyajo-ri-peak-climbing,5
Christopher Bell,christopher.bell39@yahoo.com,kyajo-ri-peak-climbing,5
Hugo Williams,hugo.williams41@icloud.com,kyajo-ri-peak-climbing,5
Aubrey Palmer,aubrey.palmer75@aol.com,kyajo-ri-peak-climbing,5
Alexandra Ramirez,alexandra.ramirez82@proton.me,kyajo-ri-peak-climbing,5
Madison Buchanan,madison.buchanan48@live.com,kyajo-ri-peak-climbing,5
Charles Sanchez,charles.sanchez25@ymail.com,kyajo-ri-peak-climbing,5
Luca Campbell,luca.campbell89@gmx.com,kyajo-ri-peak-climbing,5
Blake West,blake.west82@mail.com,lamjung-himal-trek,5
Mia Cameron,mia.cameron68@gmail.com,lamjung-himal-trek,5
Dominic Ward,dominic.ward36@outlook.com,lamjung-himal-trek,5
Lucia Baker,lucia.baker72@hotmail.com,lamjung-himal-trek,5
Ella Stewart,ella.stewart73@yahoo.com,lamjung-himal-trek,5
Lorenzo Kelly,lorenzo.kelly52@icloud.com,lamjung-himal-trek,5
Layla King,layla.king15@aol.com,lamjung-himal-trek,5
Owen Morales,owen.morales83@proton.me,lamjung-himal-trek,5
Jonas Cox,jonas.cox86@live.com,lamjung-himal-trek,5
Connor Turner,connor.turner51@ymail.com,lamjung-himal-trek,5
Elijah Nguyen,elijah.nguyen77@gmx.com,langshisha-ri-expedition,5
Zoey Bates,zoey.bates16@mail.com,langshisha-ri-expedition,5
Elin Hooper,elin.hooper75@gmail.com,langshisha-ri-expedition,5
Sophia Scott,sophia.scott48@outlook.com,langshisha-ri-expedition,5
Caleb Morales,caleb.morales41@hotmail.com,langshisha-ri-expedition,5
Julia Baker,julia.baker15@yahoo.com,langshisha-ri-expedition,5
Ida Shaw,ida.shaw49@icloud.com,langshisha-ri-expedition,5
Joao Castillo,joao.castillo80@aol.com,langshisha-ri-expedition,5
Olivia Williams,olivia.williams46@proton.me,langshisha-ri-expedition,5
Maya Jones,maya.jones56@live.com,langshisha-ri-expedition,5
Samuel Chavez,samuel.chavez13@ymail.com,langtang-ganja-la-pass-trek,5
Diego Cooper,diego.cooper83@gmx.com,langtang-ganja-la-pass-trek,5
Xavier Reid,xavier.reid56@mail.com,langtang-ganja-la-pass-trek,5
Elin Fraser,elin.fraser12@gmail.com,langtang-ganja-la-pass-trek,5
Zoe Lewis,zoe.lewis54@outlook.com,langtang-ganja-la-pass-trek,5
Avery Vance,avery.vance19@hotmail.com,langtang-ganja-la-pass-trek,5
Julian Buchanan,julian.buchanan44@yahoo.com,langtang-ganja-la-pass-trek,5
Madison Evans,madison.evans48@icloud.com,langtang-ganja-la-pass-trek,5
Maya Turner,maya.turner63@aol.com,langtang-ganja-la-pass-trek,5
Lucas Kim,lucas.kim28@proton.me,langtang-ganja-la-pass-trek,5
Anthony Richardson,anthony.richardson96@live.com,langtang-gosaikunda-lake-trek,5
Mateusz Anderson,mateusz.anderson44@ymail.com,langtang-gosaikunda-lake-trek,5
Lilly Diaz,lilly.diaz41@gmx.com,langtang-gosaikunda-lake-trek,5
Paisley Cook,paisley.cook11@mail.com,langtang-gosaikunda-lake-trek,5
Freja Moore,freja.moore65@gmail.com,langtang-gosaikunda-lake-trek,5
Clara Stewart,clara.stewart73@outlook.com,langtang-gosaikunda-lake-trek,5
Benjamin Saunders,benjamin.saunders48@hotmail.com,langtang-gosaikunda-lake-trek,5
Nathan Mason,nathan.mason34@yahoo.com,langtang-gosaikunda-lake-trek,5
Colton Reed,colton.reed52@icloud.com,langtang-gosaikunda-lake-trek,5
Mia Hooper,mia.hooper32@aol.com,langtang-gosaikunda-lake-trek,5
Aaliyah Murphy,aaliyah.murphy40@proton.me,langtang-helicopter-tour-from-kathmandu,5
Isaac Henderson,isaac.henderson67@live.com,langtang-helicopter-tour-from-kathmandu,5
Scarlett Henderson,scarlett.henderson51@ymail.com,langtang-helicopter-tour-from-kathmandu,5
Camila Hughes,camila.hughes92@gmx.com,langtang-helicopter-tour-from-kathmandu,5
Zoey Mason,zoey.mason61@mail.com,langtang-helicopter-tour-from-kathmandu,5
Emery Foster,emery.foster49@gmail.com,langtang-helicopter-tour-from-kathmandu,5
Anna Castillo,anna.castillo43@outlook.com,langtang-helicopter-tour-from-kathmandu,5
Lars Jenkins,lars.jenkins33@hotmail.com,langtang-helicopter-tour-from-kathmandu,5
Ryan Wilson,ryan.wilson42@yahoo.com,langtang-helicopter-tour-from-kathmandu,5
Lovisa Evans,lovisa.evans56@icloud.com,langtang-helicopter-tour-from-kathmandu,5
Chloe Dean,chloe.dean93@aol.com,langtang-lirung-expedition,5
Francesco Roberts,francesco.roberts56@proton.me,langtang-lirung-expedition,5
Camila Hooper,camila.hooper38@live.com,langtang-lirung-expedition,5
Francesca Bennett,francesca.bennett33@ymail.com,langtang-lirung-expedition,5
Sean Williams,sean.williams75@gmx.com,langtang-lirung-expedition,5
Mariana Campbell,mariana.campbell57@mail.com,langtang-lirung-expedition,5
Luna Anderson,luna.anderson22@gmail.com,langtang-lirung-expedition,5
Gabriel Ramirez,gabriel.ramirez46@outlook.com,langtang-lirung-expedition,5
Isabela Buchanan,isabela.buchanan73@hotmail.com,langtang-lirung-expedition,5
Zoe Mitchell,zoe.mitchell81@yahoo.com,langtang-lirung-expedition,5
Jeremiah Gonzalez,jeremiah.gonzalez36@icloud.com,langtang-valley-trek,5
Penelope Jimenez,penelope.jimenez47@aol.com,langtang-valley-trek,5
Nora Perez,nora.perez27@proton.me,langtang-valley-trek,5
Dominic Murray,dominic.murray27@live.com,langtang-valley-trek,5
Sofia Stevens,sofia.stevens87@ymail.com,langtang-valley-trek,5
Scarlett Wallace,scarlett.wallace33@gmx.com,langtang-valley-trek,5
Lucas Stewart,lucas.stewart72@mail.com,langtang-valley-trek,5
Felix Lopez,felix.lopez83@gmail.com,langtang-valley-trek,5
Lukasz Stevens,lukasz.stevens86@outlook.com,langtang-valley-trek,5
Ingrid Perry,ingrid.perry61@hotmail.com,langtang-valley-trek,5
Elin Morgan,elin.morgan66@yahoo.com,larke-pass-trek,5
Emily Thompson,emily.thompson96@icloud.com,larke-pass-trek,5
Sean Fraser,sean.fraser66@aol.com,larke-pass-trek,5
Avery Butler,avery.butler73@proton.me,larke-pass-trek,5
Jordan Grant,jordan.grant68@live.com,larke-pass-trek,5
Grace Richardson,grace.richardson52@ymail.com,larke-pass-trek,5
Luke Perez,luke.perez14@gmx.com,larke-pass-trek,5
Thiago Wilson,thiago.wilson25@mail.com,larke-pass-trek,5
Gabriel Vance,gabriel.vance82@gmail.com,larke-pass-trek,5
Jonathan Torres,jonathan.torres82@outlook.com,larke-pass-trek,5
Landon Herrera,landon.herrera84@hotmail.com,larkya-peak-climbing,5
Zoey Alexander,zoey.alexander79@yahoo.com,larkya-peak-climbing,5
Maja Gutierrez,maja.gutierrez16@icloud.com,larkya-peak-climbing,5
Luca Reyes,luca.reyes98@aol.com,larkya-peak-climbing,5
Levi Rodriguez,levi.rodriguez73@proton.me,larkya-peak-climbing,5
Finn Hamilton,finn.hamilton58@live.com,larkya-peak-climbing,5
Lucia Ross,lucia.ross54@ymail.com,larkya-peak-climbing,5
Katarzyna Dean,katarzyna.dean47@gmx.com,larkya-peak-climbing,5
Olivia Lopez,olivia.lopez73@mail.com,larkya-peak-climbing,5
Elise Baker,elise.baker80@gmail.com,larkya-peak-climbing,5
Martina Snyder,martina.snyder68@outlook.com,lhotse-expedition,5
Ethan Jones,ethan.jones90@hotmail.com,lhotse-expedition,5
Piotr Cook,piotr.cook99@yahoo.com,lhotse-expedition,5
Lucas Martinez,lucas.martinez72@icloud.com,lhotse-expedition,5
Thomas Jimenez,thomas.jimenez83@aol.com,lhotse-expedition,5
Finn Alvarez,finn.alvarez67@proton.me,lhotse-expedition,5
Liam Hernandez,liam.hernandez17@live.com,lhotse-expedition,5
Clara Barnes,clara.barnes10@ymail.com,lhotse-expedition,5
Agnieszka Castillo,agnieszka.castillo70@gmx.com,lhotse-expedition,5
Isak Buchanan,isak.buchanan35@mail.com,lhotse-expedition,5
Isabelle Stewart,isabelle.stewart49@gmail.com,lobuche-east-peak-climbing,5
Alessia Martin,alessia.martin49@outlook.com,lobuche-east-peak-climbing,5
Enzo Zimmerman,enzo.zimmerman85@hotmail.com,lobuche-east-peak-climbing,5
Lucy Owens,lucy.owens30@yahoo.com,lobuche-east-peak-climbing,5
Ruby Collins,ruby.collins43@icloud.com,lobuche-east-peak-climbing,5
Alessandro Medina,alessandro.medina93@aol.com,lobuche-east-peak-climbing,5
Alexander Martin,alexander.martin17@proton.me,lobuche-east-peak-climbing,5
Matteo Long,matteo.long12@live.com,lobuche-east-peak-climbing,5
Kacper Wells,kacper.wells86@ymail.com,lobuche-east-peak-climbing,5
Lilly Warner,lilly.warner68@gmx.com,lobuche-east-peak-climbing,5
Isaac Shaw,isaac.shaw22@mail.com,lobuche-peak-and-island-peak-climbing,5
Tyler Brown,tyler.brown96@gmail.com,lobuche-peak-and-island-peak-climbing,5
Elena Rodriguez,elena.rodriguez14@outlook.com,lobuche-peak-and-island-peak-climbing,5
Lorenzo Gomez,lorenzo.gomez43@hotmail.com,lobuche-peak-and-island-peak-climbing,5
Luna Woods,luna.woods76@yahoo.com,lobuche-peak-and-island-peak-climbing,5
Lucas Lopez,lucas.lopez46@icloud.com,lobuche-peak-and-island-peak-climbing,5
Samuel Russell,samuel.russell76@aol.com,lobuche-peak-and-island-peak-climbing,5
Ida Hart,ida.hart31@proton.me,lobuche-peak-and-island-peak-climbing,5
Jack Zimmerman,jack.zimmerman32@live.com,lobuche-peak-and-island-peak-climbing,5
Camila Alexander,camila.alexander56@ymail.com,lobuche-peak-and-island-peak-climbing,5
Linn Holloway,linn.holloway44@gmx.com,lower-dolpo-trek,5
Jonathan Morgan,jonathan.morgan28@mail.com,lower-dolpo-trek,5
Beatriz Kennedy,beatriz.kennedy95@gmail.com,lower-dolpo-trek,5
Dominic Bailey,dominic.bailey45@outlook.com,lower-dolpo-trek,5
Jan Stone,jan.stone46@hotmail.com,lower-dolpo-trek,5
Zofia Parker,zofia.parker93@yahoo.com,lower-dolpo-trek,5
Erik Fraser,erik.fraser46@icloud.com,lower-dolpo-trek,5
Aleksandra Gray,aleksandra.gray87@aol.com,lower-dolpo-trek,5
Alice Jones,alice.jones68@proton.me,lower-dolpo-trek,5
Beatriz Snyder,beatriz.snyder41@live.com,lower-dolpo-trek,5
Luca Alexander,luca.alexander62@ymail.com,lower-manaslu-trek,5
Katarzyna Jones,katarzyna.jones38@gmx.com,lower-manaslu-trek,5
Madison Roberts,madison.roberts39@mail.com,lower-manaslu-trek,5
Ella Berry,ella.berry10@gmail.com,lower-manaslu-trek,5
Diego Snyder,diego.snyder74@outlook.com,lower-manaslu-trek,5
Hugo Hamilton,hugo.hamilton86@hotmail.com,lower-manaslu-trek,5
Petra Bailey,petra.bailey40@yahoo.com,lower-manaslu-trek,5
Agnieszka Macdonald,agnieszka.macdonald70@icloud.com,lower-manaslu-trek,5
Caleb Brown,caleb.brown77@aol.com,lower-manaslu-trek,5
Weronika Moreno,weronika.moreno44@proton.me,lower-manaslu-trek,5
Jonas King,jonas.king14@live.com,lower-mustang-trek,5
Aaron Baldwin,aaron.baldwin95@ymail.com,lower-mustang-trek,5
Chiara Lawson,chiara.lawson81@gmx.com,lower-mustang-trek,5
Cameron Morales,cameron.morales86@mail.com,lower-mustang-trek,5
Lilly Martinez,lilly.martinez59@gmail.com,lower-mustang-trek,5
Mateus Norman,mateus.norman13@outlook.com,lower-mustang-trek,5
Alexandra Norman,alexandra.norman46@hotmail.com,lower-mustang-trek,5
Aria Myers,aria.myers56@yahoo.com,lower-mustang-trek,5
Emery Lee,emery.lee85@icloud.com,lower-mustang-trek,5
Lucia Brown,lucia.brown45@aol.com,lower-mustang-trek,5
Gabriel Miller,gabriel.miller46@proton.me,lower-mustang-trek-from-pokhara,5
Ellie Bell,ellie.bell17@live.com,lower-mustang-trek-from-pokhara,5
Hugo Ellis,hugo.ellis32@ymail.com,lower-mustang-trek-from-pokhara,5
Petra Morgan,petra.morgan31@gmx.com,lower-mustang-trek-from-pokhara,5
Xavier Alexander,xavier.alexander29@mail.com,lower-mustang-trek-from-pokhara,5
Isabelle Alvarez,isabelle.alvarez22@gmail.com,lower-mustang-trek-from-pokhara,5
Ethan Butler,ethan.butler36@outlook.com,lower-mustang-trek-from-pokhara,5
Felix Hart,felix.hart38@hotmail.com,lower-mustang-trek-from-pokhara,5
Pedro Cook,pedro.cook68@yahoo.com,lower-mustang-trek-from-pokhara,5
Layla Simmons,layla.simmons15@icloud.com,lower-mustang-trek-from-pokhara,5
Eliana Holmes,eliana.holmes42@aol.com,lukla-to-kathmandu-helicopter-flight,5
Austin Lawson,austin.lawson47@proton.me,lukla-to-kathmandu-helicopter-flight,5
Sean Mackenzie,sean.mackenzie39@live.com,lukla-to-kathmandu-helicopter-flight,5
Valentina Ramirez,valentina.ramirez83@ymail.com,lukla-to-kathmandu-helicopter-flight,5
Eliana Vasquez,eliana.vasquez87@gmx.com,lukla-to-kathmandu-helicopter-flight,5
Ethan Patterson,ethan.patterson63@mail.com,lukla-to-kathmandu-helicopter-flight,5
Kevin Howard,kevin.howard40@gmail.com,lukla-to-kathmandu-helicopter-flight,5
Dylan Young,dylan.young90@outlook.com,lukla-to-kathmandu-helicopter-flight,5
Katarzyna Vasquez,katarzyna.vasquez29@hotmail.com,lukla-to-kathmandu-helicopter-flight,5
Harper Pearson,harper.pearson79@yahoo.com,lukla-to-kathmandu-helicopter-flight,5
Anna Todd,anna.todd16@icloud.com,lumbini-tour,5
Tomasz Stewart,tomasz.stewart76@aol.com,lumbini-tour,5
Jakub Collins,jakub.collins96@proton.me,lumbini-tour,5
Ryan Holloway,ryan.holloway51@live.com,lumbini-tour,5
Finn Russell,finn.russell13@ymail.com,lumbini-tour,5
Jordan Perez,jordan.perez59@gmx.com,lumbini-tour,5
Kevin Hall,kevin.hall40@mail.com,lumbini-tour,5
Alessia Ramos,alessia.ramos67@gmail.com,lumbini-tour,5
Sofia Castro,sofia.castro96@outlook.com,lumbini-tour,5
Noah Jones,noah.jones13@hotmail.com,lumbini-tour,5
Jeremiah Peterson,jeremiah.peterson36@yahoo.com,makalu-base-camp-trek,5
Isaac Perez,isaac.perez76@icloud.com,makalu-base-camp-trek,5
Sofia Cameron,sofia.cameron24@aol.com,makalu-base-camp-trek,5
Charles Jordan,charles.jordan25@proton.me,makalu-base-camp-trek,5
Caleb Hamilton,caleb.hamilton59@live.com,makalu-base-camp-trek,5
Ana Perkins,ana.perkins43@ymail.com,makalu-base-camp-trek,5
Cooper Fox,cooper.fox78@gmx.com,makalu-base-camp-trek,5
Sean Anderson,sean.anderson48@mail.com,makalu-base-camp-trek,5
Amelia James,amelia.james47@gmail.com,makalu-base-camp-trek,5
Anton Ramirez,anton.ramirez94@outlook.com,makalu-base-camp-trek,5
Dominic Phillips,dominic.phillips45@hotmail.com,makalu-base-camp-with-sherpani-col-and-mera-peak-climbing,5
Lilly Wallace,lilly.wallace95@yahoo.com,makalu-base-camp-with-sherpani-col-and-mera-peak-climbing,5
Alexander Smith,alexander.smith53@icloud.com,makalu-base-camp-with-sherpani-col-and-mera-peak-climbing,5
Zoe Baker,zoe.baker99@aol.com,makalu-base-camp-with-sherpani-col-and-mera-peak-climbing,5
Riley Vance,riley.vance11@proton.me,makalu-base-camp-with-sherpani-col-and-mera-peak-climbing,5
Christian Sanchez,christian.sanchez67@live.com,makalu-base-camp-with-sherpani-col-and-mera-peak-climbing,5
Jakub Campbell,jakub.campbell60@ymail.com,makalu-base-camp-with-sherpani-col-and-mera-peak-climbing,5
Magdalena Hart,magdalena.hart12@gmx.com,makalu-base-camp-with-sherpani-col-and-mera-peak-climbing,5
Luca Norman,luca.norman26@mail.com,makalu-base-camp-with-sherpani-col-and-mera-peak-climbing,5
Levi White,levi.white55@gmail.com,makalu-base-camp-with-sherpani-col-and-mera-peak-climbing,5
Ryan Patterson,ryan.patterson51@outlook.com,makalu-expedition,5
Joanna Rodriguez,joanna.rodriguez76@hotmail.com,makalu-expedition,5
Lilly Cooper,lilly.cooper86@yahoo.com,makalu-expedition,5
Aaliyah Moreno,aaliyah.moreno40@icloud.com,makalu-expedition,5
Alexandra Patel,alexandra.patel73@aol.com,makalu-expedition,5
Gustav Anderson,gustav.anderson57@proton.me,makalu-expedition,5
Lucia Wells,lucia.wells18@live.com,makalu-expedition,5
Anna Shaw,anna.shaw52@ymail.com,makalu-expedition,5
Sebastian Castillo,sebastian.castillo54@gmx.com,makalu-expedition,5
Caleb Cruz,caleb.cruz23@mail.com,makalu-expedition,5
Dominic Spencer,dominic.spencer52@gmail.com,manaslu-circuit-trek,5
Alessandro Parsons,alessandro.parsons39@outlook.com,manaslu-circuit-trek,5
Violet Barnes,violet.barnes34@hotmail.com,manaslu-circuit-trek,5
Sofia Dean,sofia.dean69@yahoo.com,manaslu-circuit-trek,5
Hunter Mason,hunter.mason91@icloud.com,manaslu-circuit-trek,5
Felix Cruz,felix.cruz65@aol.com,manaslu-circuit-trek,5
Cooper Woods,cooper.woods24@proton.me,manaslu-circuit-trek,5
Piotr Russell,piotr.russell36@live.com,manaslu-circuit-trek,5
Aaron Stewart,aaron.stewart14@ymail.com,manaslu-circuit-trek,5
Freja Perez,freja.perez47@gmx.com,manaslu-circuit-trek,5
Aleksandra Allen,aleksandra.allen15@mail.com,manaslu-expedition,5
Ava Palmer,ava.palmer43@gmail.com,manaslu-expedition,5
Clara Thompson,clara.thompson19@outlook.com,manaslu-expedition,5
Agnieszka Wells,agnieszka.wells79@hotmail.com,manaslu-expedition,5
Isaac Stewart,isaac.stewart13@yahoo.com,manaslu-expedition,5
Landon Fox,landon.fox30@icloud.com,manaslu-expedition,5
Jakub Howard,jakub.howard24@aol.com,manaslu-expedition,5
Lars Collins,lars.collins24@proton.me,manaslu-expedition,5
Beatriz Martin,beatriz.martin50@live.com,manaslu-expedition,5
Olivia Hamilton,olivia.hamilton91@ymail.com,manaslu-expedition,5
Marco Chavez,marco.chavez16@gmx.com,mardi-himal-trek,5
Jan Turner,jan.turner64@mail.com,mardi-himal-trek,5
Paisley Williams,paisley.williams38@gmail.com,mardi-himal-trek,5
Olivia Vasquez,olivia.vasquez73@outlook.com,mardi-himal-trek,5
Oliver Fernandez,oliver.fernandez45@hotmail.com,mardi-himal-trek,5
Luke Robinson,luke.robinson68@yahoo.com,mardi-himal-trek,5
Eliana Butler,eliana.butler42@icloud.com,mardi-himal-trek,5
Francesca Anderson,francesca.anderson60@aol.com,mardi-himal-trek,5
Martina Newman,martina.newman95@proton.me,mardi-himal-trek,5
Isak Newman,isak.newman44@live.com,mardi-himal-trek,5
Tyler Fisher,tyler.fisher87@ymail.com,mardi-himal-trek-from-pokhara,5
Kacper Taylor,kacper.taylor59@gmx.com,mardi-himal-trek-from-pokhara,5
Addison Robinson,addison.robinson92@mail.com,mardi-himal-trek-from-pokhara,5
Layla Rogers,layla.rogers51@gmail.com,mardi-himal-trek-from-pokhara,5
Charlotte Mckenzie,charlotte.mckenzie44@outlook.com,mardi-himal-trek-from-pokhara,5
Avery Cox,avery.cox73@hotmail.com,mardi-himal-trek-from-pokhara,5
Alexander Scott,alexander.scott35@yahoo.com,mardi-himal-trek-from-pokhara,5
Paisley Lee,paisley.lee29@icloud.com,mardi-himal-trek-from-pokhara,5
Finn Harris,finn.harris76@aol.com,mardi-himal-trek-from-pokhara,5
Mateus Jackson,mateus.jackson22@proton.me,mardi-himal-trek-from-pokhara,5
Hanna Johnson,hanna.johnson28@live.com,mera-and-island-peak-climbing,5
Jordan Henderson,jordan.henderson50@ymail.com,mera-and-island-peak-climbing,5
Lukasz Cook,lukasz.cook86@gmx.com,mera-and-island-peak-climbing,5
Jose Patterson,jose.patterson63@mail.com,mera-and-island-peak-climbing,5
Violet Jones,violet.jones52@gmail.com,mera-and-island-peak-climbing,5
Enzo Stone,enzo.stone76@outlook.com,mera-and-island-peak-climbing,5
Oscar Cox,oscar.cox71@hotmail.com,mera-and-island-peak-climbing,5
Stella James,stella.james58@yahoo.com,mera-and-island-peak-climbing,5
Zoe Saunders,zoe.saunders72@icloud.com,mera-and-island-peak-climbing,5
Ellie Moreno,ellie.moreno71@aol.com,mera-and-island-peak-climbing,5
Adam Morgan,adam.morgan47@proton.me,mera-island-and-lobuche-peak-climbing,5
Katarzyna Turner,katarzyna.turner92@live.com,mera-island-and-lobuche-peak-climbing,5
Amelia Walker,amelia.walker65@ymail.com,mera-island-and-lobuche-peak-climbing,5
Soren Crawford,soren.crawford44@gmx.com,mera-island-and-lobuche-peak-climbing,5
Thomas Long,thomas.long74@mail.com,mera-island-and-lobuche-peak-climbing,5
Lillian Brooks,lillian.brooks21@gmail.com,mera-island-and-lobuche-peak-climbing,5
Isak Richardson,isak.richardson26@outlook.com,mera-island-and-lobuche-peak-climbing,5
Astrid Fernandez,astrid.fernandez12@hotmail.com,mera-island-and-lobuche-peak-climbing,5
Harper Thompson,harper.thompson88@yahoo.com,mera-island-and-lobuche-peak-climbing,5
Jose Perkins,jose.perkins99@icloud.com,mera-island-and-lobuche-peak-climbing,5
Elijah Miller,elijah.miller77@aol.com,mera-peak-amphu-lapcha,5
Lovisa Rivera,lovisa.rivera65@proton.me,mera-peak-amphu-lapcha,5
Elise Reynolds,elise.reynolds71@live.com,mera-peak-amphu-lapcha,5
Robert Allen,robert.allen80@ymail.com,mera-peak-amphu-lapcha,5
Madison Snyder,madison.snyder30@gmx.com,mera-peak-amphu-lapcha,5
Jan Scott,jan.scott10@mail.com,mera-peak-amphu-lapcha,5
Francesca Lewis,francesca.lewis42@gmail.com,mera-peak-amphu-lapcha,5
Felix Watkins,felix.watkins65@outlook.com,mera-peak-amphu-lapcha,5
Oliver Saunders,oliver.saunders54@hotmail.com,mera-peak-amphu-lapcha,5
Benjamin Collins,benjamin.collins30@yahoo.com,mera-peak-amphu-lapcha,5
Jose Bryant,jose.bryant36@icloud.com,mera-peak-climbing,5
Liam Shaw,liam.shaw53@aol.com,mera-peak-climbing,5
Colton Cameron,colton.cameron25@proton.me,mera-peak-climbing,5
Joao Jordan,joao.jordan89@live.com,mera-peak-climbing,5
Xavier Jimenez,xavier.jimenez65@ymail.com,mera-peak-climbing,5
Jose Jones,jose.jones90@gmx.com,mera-peak-climbing,5
Tyler Reyes,tyler.reyes51@mail.com,mera-peak-climbing,5
Jose Bailey,jose.bailey18@gmail.com,mera-peak-climbing,5
Elijah Peterson,elijah.peterson86@outlook.com,mera-peak-climbing,5
Anton Graham,anton.graham40@hotmail.com,mera-peak-climbing,5
Agnieszka Castro,agnieszka.castro25@yahoo.com,mohare-danda-trek,5
Ida Hamilton,ida.hamilton94@icloud.com,mohare-danda-trek,5
Amelia Murphy,amelia.murphy74@aol.com,mohare-danda-trek,5
Katarzyna Perry,katarzyna.perry29@proton.me,mohare-danda-trek,5
Gabriel Morgan,gabriel.morgan84@live.com,mohare-danda-trek,5
Anthony Nguyen,anthony.nguyen60@ymail.com,mohare-danda-trek,5
Sigrid Butler,sigrid.butler59@gmx.com,mohare-danda-trek,5
Camila Thompson,camila.thompson11@mail.com,mohare-danda-trek,5
Wyatt Sanchez,wyatt.sanchez30@gmail.com,mohare-danda-trek,5
Lucas Brown,lucas.brown82@outlook.com,mohare-danda-trek,5
Aria Griffin,aria.griffin74@hotmail.com,mohare-danda-trek-from-pokhara,5
Kacper Zimmerman,kacper.zimmerman41@yahoo.com,mohare-danda-trek-from-pokhara,5
Beatriz Young,beatriz.young86@icloud.com,mohare-danda-trek-from-pokhara,5
Luca Baker,luca.baker80@aol.com,mohare-danda-trek-from-pokhara,5
Dominic Ramos,dominic.ramos27@proton.me,mohare-danda-trek-from-pokhara,5
Sophia Cox,sophia.cox84@live.com,mohare-danda-trek-from-pokhara,5
Jordan Graham,jordan.graham23@ymail.com,mohare-danda-trek-from-pokhara,5
Leonardo Wilson,leonardo.wilson17@gmx.com,mohare-danda-trek-from-pokhara,5
James Diaz,james.diaz76@mail.com,mohare-danda-trek-from-pokhara,5
Chloe Flores,chloe.flores66@gmail.com,mohare-danda-trek-from-pokhara,5
Pedro Holmes,pedro.holmes77@outlook.com,mountain-flight-from-pokhara,5
Stella Patterson,stella.patterson94@hotmail.com,mountain-flight-from-pokhara,5
Alexandra Reid,alexandra.reid19@yahoo.com,mountain-flight-from-pokhara,5
Diego Mckenzie,diego.mckenzie83@icloud.com,mountain-flight-from-pokhara,5
Hanna Vasquez,hanna.vasquez28@aol.com,mountain-flight-from-pokhara,5
Sebastian Nelson,sebastian.nelson54@proton.me,mountain-flight-from-pokhara,5
Cameron Wallace,cameron.wallace86@live.com,mountain-flight-from-pokhara,5
James Phillips,james.phillips67@ymail.com,mountain-flight-from-pokhara,5
Zoe Sullivan,zoe.sullivan72@gmx.com,mountain-flight-from-pokhara,5
Isabelle Saunders,isabelle.saunders31@mail.com,mountain-flight-from-pokhara,5
Aaron Moreno,aaron.moreno23@outlook.com,muktinath-damodar-kunda-helicopter-tour,5
Cooper Barnes,cooper.barnes15@hotmail.com,muktinath-damodar-kunda-helicopter-tour,5
Natalie Kennedy,natalie.kennedy39@yahoo.com,muktinath-damodar-kunda-helicopter-tour,5
Logan Brown,logan.brown35@icloud.com,muktinath-damodar-kunda-helicopter-tour,5
Hannah Castro,hannah.castro25@aol.com,muktinath-damodar-kunda-helicopter-tour,5
Luna Vasquez,luna.vasquez76@proton.me,muktinath-damodar-kunda-helicopter-tour,5
Jose Rivera,jose.rivera90@live.com,muktinath-damodar-kunda-helicopter-tour,5
Isabela Richardson,isabela.richardson64@ymail.com,muktinath-damodar-kunda-helicopter-tour,5
Jeremiah Vance,jeremiah.vance63@gmx.com,muktinath-damodar-kunda-helicopter-tour,5
Paisley Fox,paisley.fox29@mail.com,muktinath-damodar-kunda-helicopter-tour,5
Noah Smith,noah.smith96@gmail.com,muktinath-helicopter-tour-from-pokhara,5
Enzo Bennett,enzo.bennett40@outlook.com,muktinath-helicopter-tour-from-pokhara,5
Luke Owens,luke.owens68@hotmail.com,muktinath-helicopter-tour-from-pokhara,5
Adam Marshall,adam.marshall47@yahoo.com,muktinath-helicopter-tour-from-pokhara,5
Alessandro Moreno,alessandro.moreno66@icloud.com,muktinath-helicopter-tour-from-pokhara,5
Freja Davis,freja.davis38@aol.com,muktinath-helicopter-tour-from-pokhara,5
Theo Cook,theo.cook90@proton.me,muktinath-helicopter-tour-from-pokhara,5
Blake Reid,blake.reid28@live.com,muktinath-helicopter-tour-from-pokhara,5
Valentina Murphy,valentina.murphy11@ymail.com,muktinath-helicopter-tour-from-pokhara,5
Ella Aguilar,ella.aguilar82@gmx.com,muktinath-helicopter-tour-from-pokhara,5
Emil Romero,emil.romero43@mail.com,muktinath-pilgrimage-tour,5
Theo Ramirez,theo.ramirez99@gmail.com,muktinath-pilgrimage-tour,5
Weronika Ramirez,weronika.ramirez26@outlook.com,muktinath-pilgrimage-tour,5
Ryan Rivera,ryan.rivera78@hotmail.com,muktinath-pilgrimage-tour,5
Michal Peterson,michal.peterson90@yahoo.com,muktinath-pilgrimage-tour,5
Elin Price,elin.price12@icloud.com,muktinath-pilgrimage-tour,5
Alice Gutierrez,alice.gutierrez41@aol.com,muktinath-pilgrimage-tour,5
Christopher Ward,christopher.ward48@proton.me,muktinath-pilgrimage-tour,5
Giulia Jones,giulia.jones46@live.com,muktinath-pilgrimage-tour,5
Isabela Gray,isabela.gray55@ymail.com,muktinath-pilgrimage-tour,5
Annabelle Parker,annabelle.parker54@gmx.com,mundum-trek,5
Isaac Vasquez,isaac.vasquez49@mail.com,mundum-trek,5
Chloe Kennedy,chloe.kennedy21@gmail.com,mundum-trek,5
Joao Reyes,joao.reyes71@outlook.com,mundum-trek,5
Cameron Torres,cameron.torres68@hotmail.com,mundum-trek,5
Hugo Ruiz,hugo.ruiz86@yahoo.com,mundum-trek,5
Elise Aguilar,elise.aguilar80@icloud.com,mundum-trek,5
Adam Evans,adam.evans29@aol.com,mundum-trek,5
Christopher Cameron,christopher.cameron93@proton.me,mundum-trek,5
Aaron Nguyen,aaron.nguyen95@live.com,mundum-trek,5
Emery Vasquez,emery.vasquez31@ymail.com,nagarkot-sunrise-tour,5
Sebastian Ward,sebastian.ward72@gmx.com,nagarkot-sunrise-tour,5
Alice Collins,alice.collins77@mail.com,nagarkot-sunrise-tour,5
Adam Crawford,adam.crawford74@gmail.com,nagarkot-sunrise-tour,5
Jose Jimenez,jose.jimenez72@outlook.com,nagarkot-sunrise-tour,5
Zoey Harrison,zoey.harrison88@hotmail.com,nagarkot-sunrise-tour,5
Linn Bailey,linn.bailey89@yahoo.com,nagarkot-sunrise-tour,5
Marcus Jimenez,marcus.jimenez46@icloud.com,nagarkot-sunrise-tour,5
Beatriz Bryant,beatriz.bryant14@aol.com,nagarkot-sunrise-tour,5
Giulia Mason,giulia.mason64@proton.me,nagarkot-sunrise-tour,5
Felix Hernandez,felix.hernandez20@live.com,namche-to-kathmandu-helicopter-flight,5
Lucas Sinclair,lucas.sinclair45@ymail.com,namche-to-kathmandu-helicopter-flight,5
Ana Kennedy,ana.kennedy61@gmx.com,namche-to-kathmandu-helicopter-flight,5
Luca Mason,luca.mason44@mail.com,namche-to-kathmandu-helicopter-flight,5
Charles Stevens,charles.stevens52@gmail.com,namche-to-kathmandu-helicopter-flight,5
Zofia Bates,zofia.bates66@outlook.com,namche-to-kathmandu-helicopter-flight,5
Alessandro Lee,alessandro.lee57@hotmail.com,namche-to-kathmandu-helicopter-flight,5
Sofia Herrera,sofia.herrera80@yahoo.com,namche-to-kathmandu-helicopter-flight,5
Kaylee Ramos,kaylee.ramos82@icloud.com,namche-to-kathmandu-helicopter-flight,5
Anna James,anna.james79@aol.com,namche-to-kathmandu-helicopter-flight,5
Nora Fraser,nora.fraser54@proton.me,nar-phu-valley-trek,5
Owen Ellis,owen.ellis47@live.com,nar-phu-valley-trek,5
Theo Adams,theo.adams81@ymail.com,nar-phu-valley-trek,5
Jordan Mendoza,jordan.mendoza77@gmx.com,nar-phu-valley-trek,5
Diego Aguilar,diego.aguilar65@mail.com,nar-phu-valley-trek,5
Matteo Ross,matteo.ross75@gmail.com,nar-phu-valley-trek,5
Elin Foster,elin.foster66@outlook.com,nar-phu-valley-trek,5
Stella Fisher,stella.fisher49@hotmail.com,nar-phu-valley-trek,5
Ethan Murray,ethan.murray90@yahoo.com,nar-phu-valley-trek,5
Alice Carter,alice.carter77@icloud.com,nar-phu-valley-trek,5
Rafaela Hamilton,rafaela.hamilton63@aol.com,naya-kanga-peak-climbing,5
Mason Hernandez,mason.hernandez87@proton.me,naya-kanga-peak-climbing,5
Lillian Jackson,lillian.jackson12@live.com,naya-kanga-peak-climbing,5
Austin Medina,austin.medina38@ymail.com,naya-kanga-peak-climbing,5
Hannah Green,hannah.green34@gmx.com,naya-kanga-peak-climbing,5
Lucia Myers,lucia.myers18@mail.com,naya-kanga-peak-climbing,5
Elena Ellis,elena.ellis77@gmail.com,naya-kanga-peak-climbing,5
Lilly Torres,lilly.torres77@outlook.com,naya-kanga-peak-climbing,5
Anna Jimenez,anna.jimenez34@hotmail.com,naya-kanga-peak-climbing,5
Cooper Washington,cooper.washington87@yahoo.com,naya-kanga-peak-climbing,5
Lorenzo Barnes,lorenzo.barnes70@icloud.com,nepal-cultural-tour,5
Natalie Fowler,natalie.fowler39@aol.com,nepal-cultural-tour,5
Piotr Fox,piotr.fox27@proton.me,nepal-cultural-tour,5
Alessia Thompson,alessia.thompson58@live.com,nepal-cultural-tour,5
Dominic Lewis,dominic.lewis36@ymail.com,nepal-cultural-tour,5
Matteo Davis,matteo.davis48@gmx.com,nepal-cultural-tour,5
Stella Collins,stella.collins40@mail.com,nepal-cultural-tour,5
Mariana Woods,mariana.woods39@gmail.com,nepal-cultural-tour,5
Isabelle Morgan,isabelle.morgan13@outlook.com,nepal-cultural-tour,5
Thiago Griffin,thiago.griffin79@hotmail.com,nepal-cultural-tour,5
Ingrid Fernandez,ingrid.fernandez88@yahoo.com,nirekha-peak-climbing,5
Agnieszka Moore,agnieszka.moore25@icloud.com,nirekha-peak-climbing,5
Chloe Fernandez,chloe.fernandez12@aol.com,nirekha-peak-climbing,5
Penelope Green,penelope.green20@proton.me,nirekha-peak-climbing,5
Cameron Cole,cameron.cole95@live.com,nirekha-peak-climbing,5
Hannah Parsons,hannah.parsons16@ymail.com,nirekha-peak-climbing,5
Emil Mendoza,emil.mendoza52@gmx.com,nirekha-peak-climbing,5
Kacper Davis,kacper.davis95@mail.com,nirekha-peak-climbing,5
Stella Murphy,stella.murphy85@gmail.com,nirekha-peak-climbing,5
Oliver West,oliver.west54@outlook.com,nirekha-peak-climbing,5
Henry Palmer,henry.palmer85@hotmail.com,pachermo-and-kyajo-ri-peak-climbing,5
Aaron Wright,aaron.wright86@yahoo.com,pachermo-and-kyajo-ri-peak-climbing,5
Sofia Gutierrez,sofia.gutierrez33@icloud.com,pachermo-and-kyajo-ri-peak-climbing,5
Hunter Ford,hunter.ford46@aol.com,pachermo-and-kyajo-ri-peak-climbing,5
Zoe Nguyen,zoe.nguyen81@proton.me,pachermo-and-kyajo-ri-peak-climbing,5
Eleanor Cameron,eleanor.cameron24@live.com,pachermo-and-kyajo-ri-peak-climbing,5
Gabriel Grant,gabriel.grant37@ymail.com,pachermo-and-kyajo-ri-peak-climbing,5
Soren Griffin,soren.griffin26@gmx.com,pachermo-and-kyajo-ri-peak-climbing,5
Charles Richardson,charles.richardson97@mail.com,pachermo-and-kyajo-ri-peak-climbing,5
Sean Jones,sean.jones21@gmail.com,pachermo-and-kyajo-ri-peak-climbing,5
Leonardo Gray,leonardo.gray26@outlook.com,pachermo-peak-climbing,5
Oliver Stewart,oliver.stewart72@hotmail.com,pachermo-peak-climbing,5
Jan Martinez,jan.martinez55@yahoo.com,pachermo-peak-climbing,5
Mariana White,mariana.white12@icloud.com,pachermo-peak-climbing,5
Rafaela Parsons,rafaela.parsons81@aol.com,pachermo-peak-climbing,5
Christian Crawford,christian.crawford13@proton.me,pachermo-peak-climbing,5
Chloe Parsons,chloe.parsons21@live.com,pachermo-peak-climbing,5
Eleanor Jimenez,eleanor.jimenez42@ymail.com,pachermo-peak-climbing,5
Emery Morales,emery.morales31@gmx.com,pachermo-peak-climbing,5
Isaac Perry,isaac.perry49@mail.com,pachermo-peak-climbing,5
Elijah Hill,elijah.hill50@gmail.com,paldor-peak-climbing,5
Aubrey Short,aubrey.short57@outlook.com,paldor-peak-climbing,5
Savannah Reyes,savannah.reyes62@hotmail.com,paldor-peak-climbing,5
Beatriz Marshall,beatriz.marshall77@yahoo.com,paldor-peak-climbing,5
Anthony White,anthony.white78@icloud.com,paldor-peak-climbing,5
Giada Patel,giada.patel46@aol.com,paldor-peak-climbing,5
Emil Bennett,emil.bennett16@proton.me,paldor-peak-climbing,5
Mateusz Graham,mateusz.graham89@live.com,paldor-peak-climbing,5
Oliver Rodriguez,oliver.rodriguez99@ymail.com,paldor-peak-climbing,5
Lars Short,lars.short96@gmx.com,paldor-peak-climbing,5
Christian Peterson,christian.peterson22@mail.com,panch-pokhari-trek,5
Zofia Crawford,zofia.crawford39@gmail.com,panch-pokhari-trek,5
Joao Romero,joao.romero26@outlook.com,panch-pokhari-trek,5
Maya Macdonald,maya.macdonald47@hotmail.com,panch-pokhari-trek,5
Annabelle Shaw,annabelle.shaw18@yahoo.com,panch-pokhari-trek,5
Magdalena Snyder,magdalena.snyder39@icloud.com,panch-pokhari-trek,5
Liam Hamilton,liam.hamilton98@aol.com,panch-pokhari-trek,5
Leonardo Young,leonardo.young71@proton.me,panch-pokhari-trek,5
Aubrey Sinclair,aubrey.sinclair84@live.com,panch-pokhari-trek,5
Anton Perry,anton.perry49@ymail.com,panch-pokhari-trek,5
Cameron Shaw,cameron.shaw59@gmx.com,paragliding-in-pokhara,5
Lorenzo McCarthy,lorenzo.mccarthy97@mail.com,paragliding-in-pokhara,5
Brooklyn Perkins,brooklyn.perkins41@gmail.com,paragliding-in-pokhara,5
Enzo Spencer,enzo.spencer85@outlook.com,paragliding-in-pokhara,5
Oscar Macdonald,oscar.macdonald26@hotmail.com,paragliding-in-pokhara,5
Mason Rodgers,mason.rodgers87@yahoo.com,paragliding-in-pokhara,5
Sofia Davis,sofia.davis80@icloud.com,paragliding-in-pokhara,5
Petra Torres,petra.torres85@aol.com,paragliding-in-pokhara,5
Jakub Wilson,jakub.wilson51@proton.me,paragliding-in-pokhara,5
Eliana Sinclair,eliana.sinclair24@live.com,paragliding-in-pokhara,5
Samuel Smith,samuel.smith40@ymail.com,parahawking-in-pokhara,5
Petra Hughes,petra.hughes94@gmx.com,parahawking-in-pokhara,5
Gabriel Wilson,gabriel.wilson64@mail.com,parahawking-in-pokhara,5
Erik Watson,erik.watson46@gmail.com,parahawking-in-pokhara,5
Martina Coleman,martina.coleman68@outlook.com,parahawking-in-pokhara,5
Tyler Baker,tyler.baker33@hotmail.com,parahawking-in-pokhara,5
Alexandra Lopez,alexandra.lopez37@yahoo.com,parahawking-in-pokhara,5
Thiago Thomas,thiago.thomas61@icloud.com,parahawking-in-pokhara,5
Lucy Palmer,lucy.palmer57@aol.com,parahawking-in-pokhara,5
Austin Ellis,austin.ellis92@proton.me,parahawking-in-pokhara,5
Violet Spencer,violet.spencer97@live.com,patan-day-tour,5
Giada Coleman,giada.coleman82@ymail.com,patan-day-tour,5
Christopher Morgan,christopher.morgan48@gmx.com,patan-day-tour,5
Alexandra Fowler,alexandra.fowler73@mail.com,patan-day-tour,5
Luna Diaz,luna.diaz22@gmail.com,patan-day-tour,5
Ida Burton,ida.burton76@outlook.com,patan-day-tour,5
Sofia Berry,sofia.berry53@hotmail.com,patan-day-tour,5
Lucia Gonzalez,lucia.gonzalez63@yahoo.com,patan-day-tour,5
Stella Aguilar,stella.aguilar85@icloud.com,patan-day-tour,5
Magdalena Parker,magdalena.parker66@aol.com,patan-day-tour,5
Giulia Norman,giulia.norman46@proton.me,phari-lapcha-peak-climbing,5
Hanna Moreno,hanna.moreno91@live.com,phari-lapcha-peak-climbing,5
Claire Allen,claire.allen99@ymail.com,phari-lapcha-peak-climbing,5
Lovisa Warner,lovisa.warner29@gmx.com,phari-lapcha-peak-climbing,5
Emil Medina,emil.medina97@mail.com,phari-lapcha-peak-climbing,5
Anthony Perkins,anthony.perkins33@gmail.com,phari-lapcha-peak-climbing,5
Beatriz Wallace,beatriz.wallace59@outlook.com,phari-lapcha-peak-climbing,5
Matteo Dean,matteo.dean48@hotmail.com,phari-lapcha-peak-climbing,5
Ethan Anderson,ethan.anderson27@yahoo.com,phari-lapcha-peak-climbing,5
Rafaela Powell,rafaela.powell99@icloud.com,phari-lapcha-peak-climbing,5
Emma Stewart,emma.stewart51@aol.com,pharping-dakshinkali-tour,5
Noah Burton,noah.burton69@proton.me,pharping-dakshinkali-tour,5
Alessandro Flores,alessandro.flores84@live.com,pharping-dakshinkali-tour,5
Chiara Bates,chiara.bates54@ymail.com,pharping-dakshinkali-tour,5
Riley Rogers,riley.rogers29@gmx.com,pharping-dakshinkali-tour,5
Lucas Evans,lucas.evans18@mail.com,pharping-dakshinkali-tour,5
Pedro Sinclair,pedro.sinclair59@gmail.com,pharping-dakshinkali-tour,5
Stella Mackenzie,stella.mackenzie49@outlook.com,pharping-dakshinkali-tour,5
Landon Jordan,landon.jordan75@hotmail.com,pharping-dakshinkali-tour,5
Luca Cole,luca.cole26@yahoo.com,pharping-dakshinkali-tour,5
Magdalena Shaw,magdalena.shaw30@icloud.com,pikey-peak-trek,5
Olivia Marshall,olivia.marshall91@aol.com,pikey-peak-trek,5
Enzo Fraser,enzo.fraser85@proton.me,pikey-peak-trek,5
Anthony Macdonald,anthony.macdonald15@live.com,pikey-peak-trek,5
Zofia Sullivan,zofia.sullivan30@ymail.com,pikey-peak-trek,5
Hunter Bell,hunter.bell73@gmx.com,pikey-peak-trek,5
Cooper Cooper,cooper.cooper15@mail.com,pikey-peak-trek,5
Rafaela Herrera,rafaela.herrera63@gmail.com,pikey-peak-trek,5
David Nelson,david.nelson27@outlook.com,pikey-peak-trek,5
Erik Rodriguez,erik.rodriguez73@hotmail.com,pikey-peak-trek,5
Zoe Fisher,zoe.fisher63@yahoo.com,pisang-peak-climbing,5
Isak Lawson,isak.lawson44@icloud.com,pisang-peak-climbing,5
Lorenzo Roberts,lorenzo.roberts70@aol.com,pisang-peak-climbing,5
Riley James,riley.james56@proton.me,pisang-peak-climbing,5
Sofia Ford,sofia.ford44@live.com,pisang-peak-climbing,5
Liam Scott,liam.scott89@ymail.com,pisang-peak-climbing,5
Chloe Baldwin,chloe.baldwin30@gmx.com,pisang-peak-climbing,5
Riley Newman,riley.newman29@mail.com,pisang-peak-climbing,5
Ava Ross,ava.ross70@gmail.com,pisang-peak-climbing,5
Liam Taylor,liam.taylor62@outlook.com,pisang-peak-climbing,5
Christopher Russell,christopher.russell93@hotmail.com,pokalde-island-and-lobuche-climbing,5
Wyatt Douglas,wyatt.douglas30@yahoo.com,pokalde-island-and-lobuche-climbing,5
Henry Castillo,henry.castillo67@icloud.com,pokalde-island-and-lobuche-climbing,5
Matteo Thompson,matteo.thompson30@aol.com,pokalde-island-and-lobuche-climbing,5
Gustav Richardson,gustav.richardson12@proton.me,pokalde-island-and-lobuche-climbing,5
Austin Kelly,austin.kelly11@live.com,pokalde-island-and-lobuche-climbing,5
Ella Green,ella.green73@ymail.com,pokalde-island-and-lobuche-climbing,5
Isabela Cooper,isabela.cooper64@gmx.com,pokalde-island-and-lobuche-climbing,5
Hannah Thompson,hannah.thompson70@mail.com,pokalde-island-and-lobuche-climbing,5
Weronika Morgan,weronika.morgan89@gmail.com,pokalde-island-and-lobuche-climbing,5
Avery Berry,avery.berry19@outlook.com,pokalde-peak-climbing,5
Agnieszka Berry,agnieszka.berry61@hotmail.com,pokalde-peak-climbing,5
Mia Rivera,mia.rivera14@yahoo.com,pokalde-peak-climbing,5
Adam Gutierrez,adam.gutierrez11@icloud.com,pokalde-peak-climbing,5
Maja Reyes,maja.reyes25@aol.com,pokalde-peak-climbing,5
Nora Nguyen,nora.nguyen45@proton.me,pokalde-peak-climbing,5
Cameron Miller,cameron.miller41@live.com,pokalde-peak-climbing,5
Lillian Fisher,lillian.fisher21@ymail.com,pokalde-peak-climbing,5
Maya Hamilton,maya.hamilton65@gmx.com,pokalde-peak-climbing,5
Weronika Campbell,weronika.campbell53@mail.com,pokalde-peak-climbing,5
Liam White,liam.white53@gmail.com,pokhara-day-tour,5
Kaylee Gonzalez,kaylee.gonzalez37@outlook.com,pokhara-day-tour,5
Sebastian Nguyen,sebastian.nguyen99@hotmail.com,pokhara-day-tour,5
Mason Aguilar,mason.aguilar33@yahoo.com,pokhara-day-tour,5
Tomasz Ramos,tomasz.ramos31@icloud.com,pokhara-day-tour,5
Zoey Jimenez,zoey.jimenez25@aol.com,pokhara-day-tour,5
Cameron Brown,cameron.brown32@proton.me,pokhara-day-tour,5
Landon Morris,landon.morris93@live.com,pokhara-day-tour,5
Kaylee Bryant,kaylee.bryant28@ymail.com,pokhara-day-tour,5
Elise Bates,elise.bates89@gmx.com,pokhara-day-tour,5
Mariana Hart,mariana.hart84@mail.com,pokhara-day-tour-with-sarangkot-sunrise,5
Isabelle Alexander,isabelle.alexander40@gmail.com,pokhara-day-tour-with-sarangkot-sunrise,5
Gabriel Ruiz,gabriel.ruiz84@outlook.com,pokhara-day-tour-with-sarangkot-sunrise,5
Carter Johnson,carter.johnson35@hotmail.com,pokhara-day-tour-with-sarangkot-sunrise,5
Anthony Ramos,anthony.ramos24@yahoo.com,pokhara-day-tour-with-sarangkot-sunrise,5
Aaron Douglas,aaron.douglas59@icloud.com,pokhara-day-tour-with-sarangkot-sunrise,5
Isabelle Castro,isabelle.castro40@aol.com,pokhara-day-tour-with-sarangkot-sunrise,5
Chloe Castro,chloe.castro30@proton.me,pokhara-day-tour-with-sarangkot-sunrise,5
Natalie Tran,natalie.tran30@live.com,pokhara-day-tour-with-sarangkot-sunrise,5
Chiara Ford,chiara.ford54@ymail.com,pokhara-day-tour-with-sarangkot-sunrise,5
Marek Wood,marek.wood37@gmx.com,pokhara-helicopter-sightseeing-tour,5
Riley Herrera,riley.herrera38@mail.com,pokhara-helicopter-sightseeing-tour,5
Linn Baldwin,linn.baldwin17@gmail.com,pokhara-helicopter-sightseeing-tour,5
Aleksandra Ellis,aleksandra.ellis69@outlook.com,pokhara-helicopter-sightseeing-tour,5
Robert Newman,robert.newman89@hotmail.com,pokhara-helicopter-sightseeing-tour,5
Astrid Long,astrid.long57@yahoo.com,pokhara-helicopter-sightseeing-tour,5
Alexandra Ward,alexandra.ward55@icloud.com,pokhara-helicopter-sightseeing-tour,5
Kevin Griffin,kevin.griffin31@aol.com,pokhara-helicopter-sightseeing-tour,5
Ethan Jenkins,ethan.jenkins18@proton.me,pokhara-helicopter-sightseeing-tour,5
Olivia Brooks,olivia.brooks10@live.com,pokhara-helicopter-sightseeing-tour,5
Sofia Johnson,sofia.johnson51@ymail.com,poonhill-trek,5
Wyatt Burton,wyatt.burton21@gmx.com,poonhill-trek,5
Julian Nelson,julian.nelson44@mail.com,poonhill-trek,5
Michal Cole,michal.cole45@gmail.com,poonhill-trek,5
Lucia Ramirez,lucia.ramirez54@outlook.com,poonhill-trek,5
Aubrey Patel,aubrey.patel93@hotmail.com,poonhill-trek,5
Jonas Ramirez,jonas.ramirez86@yahoo.com,poonhill-trek,5
Theo Harrison,theo.harrison18@icloud.com,poonhill-trek,5
Olivia Sanders,olivia.sanders46@aol.com,poonhill-trek,5
Tomasz Butler,tomasz.butler67@proton.me,poonhill-trek,5
Tomasz Adams,tomasz.adams49@live.com,poonhill-trek-from-pokhara,5
Savannah Buchanan,savannah.buchanan71@ymail.com,poonhill-trek-from-pokhara,5
Liam Morgan,liam.morgan98@gmx.com,poonhill-trek-from-pokhara,5
Isaac Fraser,isaac.fraser13@mail.com,poonhill-trek-from-pokhara,5
Robert Taylor,robert.taylor62@gmail.com,poonhill-trek-from-pokhara,5
Nora Lewis,nora.lewis18@outlook.com,poonhill-trek-from-pokhara,5
Grace Sullivan,grace.sullivan97@hotmail.com,poonhill-trek-from-pokhara,5
Cooper Brooks,cooper.brooks51@yahoo.com,poonhill-trek-from-pokhara,5
Natalie Castro,natalie.castro48@icloud.com,poonhill-trek-from-pokhara,5
Liam Fowler,liam.fowler26@aol.com,poonhill-trek-from-pokhara,5
Ingrid Holloway,ingrid.holloway43@proton.me,pumori-expedition,5
Freya Powell,freya.powell87@live.com,pumori-expedition,5
Lucas Gutierrez,lucas.gutierrez90@ymail.com,pumori-expedition,5
Noah Ford,noah.ford51@gmx.com,pumori-expedition,5
Petra Perkins,petra.perkins31@mail.com,pumori-expedition,5
Jakub Brown,jakub.brown24@gmail.com,pumori-expedition,5
Alexander Bennett,alexander.bennett35@outlook.com,pumori-expedition,5
Julia Norman,julia.norman51@hotmail.com,pumori-expedition,5
Brooklyn Dean,brooklyn.dean41@yahoo.com,pumori-expedition,5
Mateus Kelly,mateus.kelly67@icloud.com,pumori-expedition,5
Enzo James,enzo.james67@aol.com,putha-hiunchuli-expedition,5
Anna Holmes,anna.holmes88@proton.me,putha-hiunchuli-expedition,5
Hunter Watkins,hunter.watkins46@live.com,putha-hiunchuli-expedition,5
Ella Moreno,ella.moreno82@ymail.com,putha-hiunchuli-expedition,5
Maya Zimmerman,maya.zimmerman11@gmx.com,putha-hiunchuli-expedition,5
Penelope Ward,penelope.ward74@mail.com,putha-hiunchuli-expedition,5
Connor Wilson,connor.wilson51@gmail.com,putha-hiunchuli-expedition,5
Alessandro Gutierrez,alessandro.gutierrez75@outlook.com,putha-hiunchuli-expedition,5
Owen Holloway,owen.holloway65@hotmail.com,putha-hiunchuli-expedition,5
Aria Palmer,aria.palmer65@yahoo.com,putha-hiunchuli-expedition,5
Freja Mackenzie,freja.mackenzie47@icloud.com,rafting-in-bhote-koshi-river,5
Stella Campbell,stella.campbell94@aol.com,rafting-in-bhote-koshi-river,5
Ella Gibson,ella.gibson10@proton.me,rafting-in-bhote-koshi-river,5
Sean Alvarez,sean.alvarez39@live.com,rafting-in-bhote-koshi-river,5
Grace Ortiz,grace.ortiz16@ymail.com,rafting-in-bhote-koshi-river,5
Eliana Davis,eliana.davis15@gmx.com,rafting-in-bhote-koshi-river,5
Evelyn Cameron,evelyn.cameron47@mail.com,rafting-in-bhote-koshi-river,5
Layla Ellis,layla.ellis96@gmail.com,rafting-in-bhote-koshi-river,5
Charlotte Watson,charlotte.watson17@outlook.com,rafting-in-bhote-koshi-river,5
Chloe Perry,chloe.perry75@hotmail.com,rafting-in-bhote-koshi-river,5
Julia McCarthy,julia.mccarthy60@yahoo.com,rafting-in-kali-gandaki-river,5
Sean Baker,sean.baker75@icloud.com,rafting-in-kali-gandaki-river,5
Alice Norman,alice.norman68@aol.com,rafting-in-kali-gandaki-river,5
Giulia Simmons,giulia.simmons10@proton.me,rafting-in-kali-gandaki-river,5
Lucas Cole,lucas.cole55@live.com,rafting-in-kali-gandaki-river,5
Jan Anderson,jan.anderson37@ymail.com,rafting-in-kali-gandaki-river,5
Isabela Bennett,isabela.bennett82@gmx.com,rafting-in-kali-gandaki-river,5
Jonathan Robinson,jonathan.robinson91@mail.com,rafting-in-kali-gandaki-river,5
Cameron Owens,cameron.owens77@gmail.com,rafting-in-kali-gandaki-river,5
Lukasz Watkins,lukasz.watkins32@outlook.com,rafting-in-kali-gandaki-river,5
Reagan Fraser,reagan.fraser17@hotmail.com,rafting-in-marsyangdi-river,5
David Mckenzie,david.mckenzie18@yahoo.com,rafting-in-marsyangdi-river,5
Mia Alvarez,mia.alvarez32@icloud.com,rafting-in-marsyangdi-river,5
Ava Edwards,ava.edwards70@aol.com,rafting-in-marsyangdi-river,5
Zoey Watkins,zoey.watkins16@proton.me,rafting-in-marsyangdi-river,5
Ida Coleman,ida.coleman58@live.com,rafting-in-marsyangdi-river,5
Mariana Jimenez,mariana.jimenez30@ymail.com,rafting-in-marsyangdi-river,5
Chiara Collins,chiara.collins90@gmx.com,rafting-in-marsyangdi-river,5
Evelyn Gonzalez,evelyn.gonzalez38@mail.com,rafting-in-marsyangdi-river,5
Aurora Shaw,aurora.shaw77@gmail.com,rafting-in-marsyangdi-river,5
Landon Phillips,landon.phillips93@outlook.com,ramaroshan-lakes-trek,5
Nathan Kennedy,nathan.kennedy43@hotmail.com,ramaroshan-lakes-trek,5
Christopher Mitchell,christopher.mitchell75@yahoo.com,ramaroshan-lakes-trek,5
Larissa Jones,larissa.jones96@icloud.com,ramaroshan-lakes-trek,5
Maya Mitchell,maya.mitchell92@aol.com,ramaroshan-lakes-trek,5
Connor Hill,connor.hill96@proton.me,ramaroshan-lakes-trek,5
Adam Burton,adam.burton29@live.com,ramaroshan-lakes-trek,5
Alessandro Snyder,alessandro.snyder75@ymail.com,ramaroshan-lakes-trek,5
Camila Wilson,camila.wilson74@gmx.com,ramaroshan-lakes-trek,5
Freja Washington,freja.washington83@mail.com,ramaroshan-lakes-trek,5
Lucia Rivera,lucia.rivera18@gmail.com,rara-lake-trek,5
Chiara Herrera,chiara.herrera90@outlook.com,rara-lake-trek,5
Anders Reid,anders.reid99@hotmail.com,rara-lake-trek,5
Cooper Kelly,cooper.kelly87@yahoo.com,rara-lake-trek,5
Sofia Peterson,sofia.peterson15@icloud.com,rara-lake-trek,5
Petra Allen,petra.allen13@aol.com,rara-lake-trek,5
Austin Barnes,austin.barnes29@proton.me,rara-lake-trek,5
Owen Griffin,owen.griffin20@live.com,rara-lake-trek,5
Chloe Bell,chloe.bell84@ymail.com,rara-lake-trek,5
Ellie Clark,ellie.clark80@gmx.com,rara-lake-trek,5
Lucia Medina,lucia.medina99@mail.com,red-panda-trail-trek,5
Benjamin Buchanan,benjamin.buchanan12@gmail.com,red-panda-trail-trek,5
Maya Fraser,maya.fraser54@outlook.com,red-panda-trail-trek,5
Beatriz Johnson,beatriz.johnson59@hotmail.com,red-panda-trail-trek,5
Alessandro Roberts,alessandro.roberts84@yahoo.com,red-panda-trail-trek,5
Lillian Hamilton,lillian.hamilton12@icloud.com,red-panda-trail-trek,5
Marek White,marek.white37@aol.com,red-panda-trail-trek,5
Marek Patterson,marek.patterson46@proton.me,red-panda-trail-trek,5
Cooper Kennedy,cooper.kennedy60@live.com,red-panda-trail-trek,5
Freja Mckenzie,freja.mckenzie11@ymail.com,red-panda-trail-trek,5
Gustav Garcia,gustav.garcia93@gmx.com,rolwaling-valley-trek,5
Isabela Hayes,isabela.hayes55@mail.com,rolwaling-valley-trek,5
Zofia Jordan,zofia.jordan93@gmail.com,rolwaling-valley-trek,5
Alexandra Hall,alexandra.hall73@outlook.com,rolwaling-valley-trek,5
Alexandra Fraser,alexandra.fraser91@hotmail.com,rolwaling-valley-trek,5
Scarlett Cruz,scarlett.cruz15@yahoo.com,rolwaling-valley-trek,5
Martina Spencer,martina.spencer50@icloud.com,rolwaling-valley-trek,5
Emil Kelly,emil.kelly70@aol.com,rolwaling-valley-trek,5
Addison Murray,addison.murray20@proton.me,rolwaling-valley-trek,5
Layla Rivera,layla.rivera51@live.com,rolwaling-valley-trek,5
Mason Short,mason.short60@ymail.com,ruby-valley-circuit-trek,5
Kaylee Baker,kaylee.baker46@gmx.com,ruby-valley-circuit-trek,5
Zofia Sanchez,zofia.sanchez93@mail.com,ruby-valley-circuit-trek,5
Avery Turner,avery.turner91@gmail.com,ruby-valley-circuit-trek,5
Ethan Rogers,ethan.rogers90@outlook.com,ruby-valley-circuit-trek,5
Julia Ramos,julia.ramos51@hotmail.com,ruby-valley-circuit-trek,5
Martina Reyes,martina.reyes77@yahoo.com,ruby-valley-circuit-trek,5
Isaac Peterson,isaac.peterson13@icloud.com,ruby-valley-circuit-trek,5
Aleksandra Hughes,aleksandra.hughes96@aol.com,ruby-valley-circuit-trek,5
Addison Norman,addison.norman20@proton.me,ruby-valley-circuit-trek,5
Olivia Griffin,olivia.griffin10@live.com,rupina-la-pass-trek,5
Chiara Warner,chiara.warner45@ymail.com,rupina-la-pass-trek,5
Brooklyn Gutierrez,brooklyn.gutierrez95@gmx.com,rupina-la-pass-trek,5
Natalie Gomez,natalie.gomez57@mail.com,rupina-la-pass-trek,5
Scarlett Reed,scarlett.reed33@gmail.com,rupina-la-pass-trek,5
Thomas Warner,thomas.warner65@outlook.com,rupina-la-pass-trek,5
Kaylee Allen,kaylee.allen73@hotmail.com,rupina-la-pass-trek,5
Chloe Rodgers,chloe.rodgers12@yahoo.com,rupina-la-pass-trek,5
Kaylee Simmons,kaylee.simmons46@icloud.com,rupina-la-pass-trek,5
Lukasz Ramirez,lukasz.ramirez95@aol.com,rupina-la-pass-trek,5
Austin Mackenzie,austin.mackenzie65@proton.me,samdo-peak-climbing,5
Sean Lopez,sean.lopez12@live.com,samdo-peak-climbing,5
Lucas Allen,lucas.allen46@ymail.com,samdo-peak-climbing,5
Ingrid Carter,ingrid.carter79@gmx.com,samdo-peak-climbing,5
Diego Fox,diego.fox56@mail.com,samdo-peak-climbing,5
Francesca Peterson,francesca.peterson78@gmail.com,samdo-peak-climbing,5
Marco Cameron,marco.cameron79@outlook.com,samdo-peak-climbing,5
Lucy Watkins,lucy.watkins21@hotmail.com,samdo-peak-climbing,5
Felix Mason,felix.mason20@yahoo.com,samdo-peak-climbing,5
Francesca Rivera,francesca.rivera33@icloud.com,samdo-peak-climbing,5
Xavier Short,xavier.short74@aol.com,saribung-pass-trek,5
Owen Roberts,owen.roberts74@proton.me,saribung-pass-trek,5
Layla Green,layla.green96@live.com,saribung-pass-trek,5
Alexandra Adams,alexandra.adams64@ymail.com,saribung-pass-trek,5
Ryan Campbell,ryan.campbell51@gmx.com,saribung-pass-trek,5
Ethan Henderson,ethan.henderson99@mail.com,saribung-pass-trek,5
Oscar Price,oscar.price80@gmail.com,saribung-pass-trek,5
Olivia Cook,olivia.cook19@outlook.com,saribung-pass-trek,5
Leonardo Barnes,leonardo.barnes35@hotmail.com,saribung-pass-trek,5
Clara Fowler,clara.fowler55@yahoo.com,saribung-pass-trek,5
Marek Clark,marek.clark46@icloud.com,saribung-peak-climbing,5
Petra Kelly,petra.kelly76@aol.com,saribung-peak-climbing,5
Astrid Hart,astrid.hart30@proton.me,saribung-peak-climbing,5
Mia Green,mia.green59@live.com,saribung-peak-climbing,5
Owen Walker,owen.walker47@ymail.com,saribung-peak-climbing,5
Ingrid Jackson,ingrid.jackson79@gmx.com,saribung-peak-climbing,5
Olivia Watson,olivia.watson37@mail.com,saribung-peak-climbing,5
Anna Ruiz,anna.ruiz97@gmail.com,saribung-peak-climbing,5
Connor Tran,connor.tran15@outlook.com,saribung-peak-climbing,5
Thomas Rivera,thomas.rivera11@hotmail.com,saribung-peak-climbing,5
Scarlett Harrison,scarlett.harrison87@yahoo.com,secret-food-tour-in-kathmandu,5
Jonathan Reed,jonathan.reed10@icloud.com,secret-food-tour-in-kathmandu,5
Lukasz Gutierrez,lukasz.gutierrez32@aol.com,secret-food-tour-in-kathmandu,5
Addison Rivera,addison.rivera20@proton.me,secret-food-tour-in-kathmandu,5
Petra Lopez,petra.lopez13@live.com,secret-food-tour-in-kathmandu,5
Enzo Ford,enzo.ford13@ymail.com,secret-food-tour-in-kathmandu,5
Diego Patel,diego.patel38@gmx.com,secret-food-tour-in-kathmandu,5
Jakub Cooper,jakub.cooper69@mail.com,secret-food-tour-in-kathmandu,5
Cooper Nguyen,cooper.nguyen69@gmail.com,secret-food-tour-in-kathmandu,5
Dominic Ford,dominic.ford90@outlook.com,secret-food-tour-in-kathmandu,5
Aubrey Martin,aubrey.martin48@hotmail.com,serang-gompa-trek,5
Oliver Rogers,oliver.rogers27@yahoo.com,serang-gompa-trek,5
Hannah Wood,hannah.wood43@icloud.com,serang-gompa-trek,5
Charles Snyder,charles.snyder88@aol.com,serang-gompa-trek,5
Maya Long,maya.long72@proton.me,serang-gompa-trek,5
Charlotte Rivera,charlotte.rivera62@live.com,serang-gompa-trek,5
Violet Herrera,violet.herrera61@ymail.com,serang-gompa-trek,5
Julia Davis,julia.davis60@gmx.com,serang-gompa-trek,5
Christopher Green,christopher.green84@mail.com,serang-gompa-trek,5
Julia Douglas,julia.douglas51@gmail.com,serang-gompa-trek,5
Claire Warner,claire.warner72@outlook.com,seti-river-rafting-in-pokhara,5
Alexander Kennedy,alexander.kennedy62@hotmail.com,seti-river-rafting-in-pokhara,5
Benjamin Davis,benjamin.davis30@yahoo.com,seti-river-rafting-in-pokhara,5
Liam West,liam.west26@icloud.com,seti-river-rafting-in-pokhara,5
Levi Robinson,levi.robinson73@aol.com,seti-river-rafting-in-pokhara,5
Hanna Short,hanna.short28@proton.me,seti-river-rafting-in-pokhara,5
Aleksandra Perkins,aleksandra.perkins33@live.com,seti-river-rafting-in-pokhara,5
Lucas Parsons,lucas.parsons54@ymail.com,seti-river-rafting-in-pokhara,5
Carter Clark,carter.clark17@gmx.com,seti-river-rafting-in-pokhara,5
Freya Holmes,freya.holmes78@mail.com,seti-river-rafting-in-pokhara,5
Daniel Price,daniel.price19@gmail.com,seven-world-heritage-kathmandu-day-tour,5
Magdalena Allen,magdalena.allen57@outlook.com,seven-world-heritage-kathmandu-day-tour,5
Soren Moreno,soren.moreno62@hotmail.com,seven-world-heritage-kathmandu-day-tour,5
Lars Newman,lars.newman15@yahoo.com,seven-world-heritage-kathmandu-day-tour,5
Anders Aguilar,anders.aguilar90@icloud.com,seven-world-heritage-kathmandu-day-tour,5
Valentina Ortiz,valentina.ortiz83@aol.com,seven-world-heritage-kathmandu-day-tour,5
Wyatt Fox,wyatt.fox75@proton.me,seven-world-heritage-kathmandu-day-tour,5
Ella Baldwin,ella.baldwin64@live.com,seven-world-heritage-kathmandu-day-tour,5
Thiago James,thiago.james88@ymail.com,seven-world-heritage-kathmandu-day-tour,5
Elise Barnes,elise.barnes98@gmx.com,seven-world-heritage-kathmandu-day-tour,5
Blake Fraser,blake.fraser10@mail.com,sherpani-col-passes-trek,5
Savannah Wells,savannah.wells80@gmail.com,sherpani-col-passes-trek,5
Martina Bryant,martina.bryant41@outlook.com,sherpani-col-passes-trek,5
Savannah Marshall,savannah.marshall89@hotmail.com,sherpani-col-passes-trek,5
Lars Ortiz,lars.ortiz51@yahoo.com,sherpani-col-passes-trek,5
Elijah Butler,elijah.butler77@icloud.com,sherpani-col-passes-trek,5
Lucy Berry,lucy.berry30@aol.com,sherpani-col-passes-trek,5
Charles Williams,charles.williams79@proton.me,sherpani-col-passes-trek,5
Alexander Brown,alexander.brown62@live.com,sherpani-col-passes-trek,5
Theo Gutierrez,theo.gutierrez36@ymail.com,sherpani-col-passes-trek,5
Claire Norman,claire.norman18@gmx.com,shey-phoksundo-lake-trek,5
Mateus Stevens,mateus.stevens40@mail.com,shey-phoksundo-lake-trek,5
Anders Ortiz,anders.ortiz72@gmail.com,shey-phoksundo-lake-trek,5
Ellie Holloway,ellie.holloway80@outlook.com,shey-phoksundo-lake-trek,5
Jeremiah James,jeremiah.james18@hotmail.com,shey-phoksundo-lake-trek,5
Larissa Hamilton,larissa.hamilton15@yahoo.com,shey-phoksundo-lake-trek,5
Emery Reed,emery.reed31@icloud.com,shey-phoksundo-lake-trek,5
Claire Jones,claire.jones18@aol.com,shey-phoksundo-lake-trek,5
Marek Adams,marek.adams91@proton.me,shey-phoksundo-lake-trek,5
Benjamin Morris,benjamin.morris39@live.com,shey-phoksundo-lake-trek,5
Marcus Miller,marcus.miller10@ymail.com,short-ama-dablam-expedition,5
Michal Turner,michal.turner99@gmx.com,short-ama-dablam-expedition,5
Blake Cook,blake.cook82@mail.com,short-ama-dablam-expedition,5
Xavier Long,xavier.long56@gmail.com,short-ama-dablam-expedition,5
Kacper Cruz,kacper.cruz59@outlook.com,short-ama-dablam-expedition,5
Mariana Grant,mariana.grant75@hotmail.com,short-ama-dablam-expedition,5
Gustav Jimenez,gustav.jimenez12@yahoo.com,short-ama-dablam-expedition,5
Liam Murphy,liam.murphy53@icloud.com,short-ama-dablam-expedition,5
Gabriel Bates,gabriel.bates48@aol.com,short-ama-dablam-expedition,5
Alessandro Dean,alessandro.dean21@proton.me,short-ama-dablam-expedition,5
Isabelle Young,isabelle.young22@live.com,short-annapurna-circuit-trek,5
Larissa Vasquez,larissa.vasquez87@ymail.com,short-annapurna-circuit-trek,5
Gabriel Brown,gabriel.brown37@gmx.com,short-annapurna-circuit-trek,5
Landon Reid,landon.reid48@mail.com,short-annapurna-circuit-trek,5
Wyatt Hughes,wyatt.hughes12@gmail.com,short-annapurna-circuit-trek,5
Julia Fisher,julia.fisher69@outlook.com,short-annapurna-circuit-trek,5
James Short,james.short40@hotmail.com,short-annapurna-circuit-trek,5
Diego Parker,diego.parker11@yahoo.com,short-annapurna-circuit-trek,5
Martina Holloway,martina.holloway68@icloud.com,short-annapurna-circuit-trek,5
Finn Myers,finn.myers49@aol.com,short-annapurna-circuit-trek,5
Natalie Stone,natalie.stone48@proton.me,short-mera-peak-climbing,5
Wyatt Rivera,wyatt.rivera30@live.com,short-mera-peak-climbing,5
Jonas Campbell,jonas.campbell23@ymail.com,short-mera-peak-climbing,5
Ella Foster,ella.foster37@gmx.com,short-mera-peak-climbing,5
Lucas Mackenzie,lucas.mackenzie73@mail.com,short-mera-peak-climbing,5
Julia Parsons,julia.parsons78@gmail.com,short-mera-peak-climbing,5
Mia Brown,mia.brown41@outlook.com,short-mera-peak-climbing,5
Dominic Cox,dominic.cox63@hotmail.com,short-mera-peak-climbing,5
Aaron Williams,aaron.williams23@yahoo.com,short-mera-peak-climbing,5
Zoe Mackenzie,zoe.mackenzie63@icloud.com,short-mera-peak-climbing,5
Thiago Holmes,thiago.holmes97@aol.com,short-tilicho-lake-trek,5
Thiago Ellis,thiago.ellis16@proton.me,short-tilicho-lake-trek,5
Lovisa Russell,lovisa.russell29@live.com,short-tilicho-lake-trek,5
Ava Adams,ava.adams52@ymail.com,short-tilicho-lake-trek,5
Anna Butler,anna.butler88@gmx.com,short-tilicho-lake-trek,5
Alice Allen,alice.allen59@mail.com,short-tilicho-lake-trek,5
Alessia Lopez,alessia.lopez58@gmail.com,short-tilicho-lake-trek,5
Elijah Bates,elijah.bates14@outlook.com,short-tilicho-lake-trek,5
Julian Barnes,julian.barnes35@hotmail.com,short-tilicho-lake-trek,5
Erik Jordan,erik.jordan91@yahoo.com,short-tilicho-lake-trek,5
Jordan Owens,jordan.owens23@icloud.com,singu-chuli-peak-climbing,5
Freja Herrera,freja.herrera38@aol.com,singu-chuli-peak-climbing,5
Enzo Baker,enzo.baker94@proton.me,singu-chuli-peak-climbing,5
Connor Holloway,connor.holloway60@live.com,singu-chuli-peak-climbing,5
Lars Edwards,lars.edwards51@ymail.com,singu-chuli-peak-climbing,5
Evelyn Douglas,evelyn.douglas83@gmx.com,singu-chuli-peak-climbing,5
Erik Zimmerman,erik.zimmerman46@mail.com,singu-chuli-peak-climbing,5
Emma Kim,emma.kim69@gmail.com,singu-chuli-peak-climbing,5
Landon Walker,landon.walker30@outlook.com,singu-chuli-peak-climbing,5
Joao Reed,joao.reed80@hotmail.com,singu-chuli-peak-climbing,5
Lilly Carter,lilly.carter23@yahoo.com,sirubari-village-tour,5
Noah Reid,noah.reid51@icloud.com,sirubari-village-tour,5
Petra Lee,petra.lee67@aol.com,sirubari-village-tour,5
Lillian Mckenzie,lillian.mckenzie75@proton.me,sirubari-village-tour,5
Lucia Campbell,lucia.campbell27@live.com,sirubari-village-tour,5
Connor Marshall,connor.marshall96@ymail.com,sirubari-village-tour,5
Hanna Ramirez,hanna.ramirez73@gmx.com,sirubari-village-tour,5
Landon Reed,landon.reed66@mail.com,sirubari-village-tour,5
Aaliyah Aguilar,aaliyah.aguilar40@gmail.com,sirubari-village-tour,5
Zoey Fisher,zoey.fisher61@outlook.com,sirubari-village-tour,5
Magdalena Ortiz,magdalena.ortiz12@hotmail.com,tamang-heritage-trek,5
Sebastian Patterson,sebastian.patterson36@yahoo.com,tamang-heritage-trek,5
Ida Ramos,ida.ramos85@icloud.com,tamang-heritage-trek,5
Tyler Patterson,tyler.patterson42@aol.com,tamang-heritage-trek,5
Grace Baldwin,grace.baldwin16@proton.me,tamang-heritage-trek,5
Lilly Cameron,lilly.cameron68@live.com,tamang-heritage-trek,5
Isak Wallace,isak.wallace35@ymail.com,tamang-heritage-trek,5
Anna Warner,anna.warner16@gmx.com,tamang-heritage-trek,5
Eliana Williams,eliana.williams60@mail.com,tamang-heritage-trek,5
Linn Murray,linn.murray71@gmail.com,tamang-heritage-trek,5
Penelope Shaw,penelope.shaw29@outlook.com,tashi-lapcha-pass-trek,5
Logan Short,logan.short89@hotmail.com,tashi-lapcha-pass-trek,5
Olivia Palmer,olivia.palmer91@yahoo.com,tashi-lapcha-pass-trek,5
Colton Fraser,colton.fraser16@icloud.com,tashi-lapcha-pass-trek,5
Wyatt Romero,wyatt.romero57@aol.com,tashi-lapcha-pass-trek,5
Piotr Lawson,piotr.lawson72@proton.me,tashi-lapcha-pass-trek,5
Larissa Mackenzie,larissa.mackenzie24@live.com,tashi-lapcha-pass-trek,5
Oliver Vance,oliver.vance99@ymail.com,tashi-lapcha-pass-trek,5
Annabelle Stewart,annabelle.stewart99@gmx.com,tashi-lapcha-pass-trek,5
Joao Jackson,joao.jackson98@mail.com,tashi-lapcha-pass-trek,5
Kevin Reid,kevin.reid76@gmail.com,teri-la-pass-trek,5
Hanna Griffin,hanna.griffin55@outlook.com,teri-la-pass-trek,5
Alessandro Ford,alessandro.ford75@hotmail.com,teri-la-pass-trek,5
Felix Clark,felix.clark65@yahoo.com,teri-la-pass-trek,5
Avery Barnes,avery.barnes19@icloud.com,teri-la-pass-trek,5
Ava Ward,ava.ward43@aol.com,teri-la-pass-trek,5
Hunter Edwards,hunter.edwards19@proton.me,teri-la-pass-trek,5
Samuel Sullivan,samuel.sullivan49@live.com,teri-la-pass-trek,5
Jan Chavez,jan.chavez91@ymail.com,teri-la-pass-trek,5
Aurora Morales,aurora.morales14@gmx.com,teri-la-pass-trek,5
Clara Lee,clara.lee73@mail.com,thamserku-expedition,5
Emery Taylor,emery.taylor13@gmail.com,thamserku-expedition,5
Dominic James,dominic.james54@outlook.com,thamserku-expedition,5
Anders Castro,anders.castro72@hotmail.com,thamserku-expedition,5
Elijah Alvarez,elijah.alvarez59@yahoo.com,thamserku-expedition,5
Kevin Rodgers,kevin.rodgers31@icloud.com,thamserku-expedition,5
Connor Sanders,connor.sanders51@aol.com,thamserku-expedition,5
Logan Bennett,logan.bennett98@proton.me,thamserku-expedition,5
Larissa Mason,larissa.mason24@live.com,thamserku-expedition,5
Maya Bell,maya.bell56@ymail.com,thamserku-expedition,5
Alice Mitchell,alice.mitchell14@mail.com,tharpu-chuli-and-singu-chuli-two-peaks-climbing,5
Pedro Brown,pedro.brown68@gmail.com,tharpu-chuli-and-singu-chuli-two-peaks-climbing,5
Violet Morris,violet.morris70@outlook.com,tharpu-chuli-and-singu-chuli-two-peaks-climbing,5
Cooper Wells,cooper.wells33@hotmail.com,tharpu-chuli-and-singu-chuli-two-peaks-climbing,5
Ellie Taylor,ellie.taylor80@yahoo.com,tharpu-chuli-and-singu-chuli-two-peaks-climbing,5
Layla White,layla.white15@icloud.com,tharpu-chuli-and-singu-chuli-two-peaks-climbing,5
Dominic Woods,dominic.woods88@aol.com,tharpu-chuli-and-singu-chuli-two-peaks-climbing,5
Ryan Spencer,ryan.spencer33@proton.me,tharpu-chuli-and-singu-chuli-two-peaks-climbing,5
Lars Hall,lars.hall42@live.com,tharpu-chuli-and-singu-chuli-two-peaks-climbing,5
Aaliyah Macdonald,aaliyah.macdonald67@ymail.com,tharpu-chuli-and-singu-chuli-two-peaks-climbing,5
Levi Grant,levi.grant28@gmx.com,three-peaks-climbing-island-lobuche-kyajo-ri,5
Luke Reynolds,luke.reynolds41@mail.com,three-peaks-climbing-island-lobuche-kyajo-ri,5
Charles Taylor,charles.taylor88@gmail.com,three-peaks-climbing-island-lobuche-kyajo-ri,5
Lars Spencer,lars.spencer60@outlook.com,three-peaks-climbing-island-lobuche-kyajo-ri,5
Ruby Sullivan,ruby.sullivan61@hotmail.com,three-peaks-climbing-island-lobuche-kyajo-ri,5
Lucy Ford,lucy.ford21@yahoo.com,three-peaks-climbing-island-lobuche-kyajo-ri,5
Hugo Watkins,hugo.watkins50@icloud.com,three-peaks-climbing-island-lobuche-kyajo-ri,5
Avery Walker,avery.walker82@aol.com,three-peaks-climbing-island-lobuche-kyajo-ri,5
Ellie Martinez,ellie.martinez62@proton.me,three-peaks-climbing-island-lobuche-kyajo-ri,5
Francesca Fernandez,francesca.fernandez51@live.com,three-peaks-climbing-island-lobuche-kyajo-ri,5
Weronika James,weronika.james17@ymail.com,tilicho-lake-trek,5
Enzo Roberts,enzo.roberts22@gmx.com,tilicho-lake-trek,5
Aaliyah Edwards,aaliyah.edwards22@mail.com,tilicho-lake-trek,5
Camila Spencer,camila.spencer65@gmail.com,tilicho-lake-trek,5
Aubrey Jackson,aubrey.jackson75@outlook.com,tilicho-lake-trek,5
Sophia Ellis,sophia.ellis93@hotmail.com,tilicho-lake-trek,5
Ida Gutierrez,ida.gutierrez58@yahoo.com,tilicho-lake-trek,5
Oliver Newman,oliver.newman27@icloud.com,tilicho-lake-trek,5
Ana Murphy,ana.murphy88@aol.com,tilicho-lake-trek,5
Avery Norman,avery.norman37@proton.me,tilicho-lake-trek,5
Madison Bates,madison.bates30@live.com,tilicho-peak-expedition,5
Blake Mendoza,blake.mendoza91@ymail.com,tilicho-peak-expedition,5
Sofia Alvarez,sofia.alvarez78@gmx.com,tilicho-peak-expedition,5
Sebastian Griffin,sebastian.griffin81@mail.com,tilicho-peak-expedition,5
Grace Shaw,grace.shaw34@gmail.com,tilicho-peak-expedition,5
Natalie Morris,natalie.morris30@outlook.com,tilicho-peak-expedition,5
Hunter Owens,hunter.owens55@hotmail.com,tilicho-peak-expedition,5
Alexander Cox,alexander.cox71@yahoo.com,tilicho-peak-expedition,5
Daniel Campbell,daniel.campbell37@icloud.com,tilicho-peak-expedition,5
Sebastian Gonzalez,sebastian.gonzalez18@aol.com,tilicho-peak-expedition,5
Giulia Lee,giulia.lee91@proton.me,tilman-pass-trek,5
Cooper Murphy,cooper.murphy87@live.com,tilman-pass-trek,5
James Reyes,james.reyes31@ymail.com,tilman-pass-trek,5
Aria Peterson,aria.peterson11@gmx.com,tilman-pass-trek,5
Zoey Sinclair,zoey.sinclair61@mail.com,tilman-pass-trek,5
Rafaela Thompson,rafaela.thompson45@gmail.com,tilman-pass-trek,5
Wyatt Vasquez,wyatt.vasquez21@outlook.com,tilman-pass-trek,5
Olivia Cox,olivia.cox28@hotmail.com,tilman-pass-trek,5
Cameron Ruiz,cameron.ruiz14@yahoo.com,tilman-pass-trek,5
Ryan Pearson,ryan.pearson60@icloud.com,tilman-pass-trek,5
Agnieszka Anderson,agnieszka.anderson16@aol.com,trishuli-river-rafting-1-day,5
Violet Sanders,violet.sanders16@proton.me,trishuli-river-rafting-1-day,5
Lars Graham,lars.graham87@live.com,trishuli-river-rafting-1-day,5
Joanna Buchanan,joanna.buchanan85@ymail.com,trishuli-river-rafting-1-day,5
Lorenzo Gibson,lorenzo.gibson70@gmx.com,trishuli-river-rafting-1-day,5
Maya Fowler,maya.fowler83@mail.com,trishuli-river-rafting-1-day,5
Gabriel Bennett,gabriel.bennett75@outlook.com,trishuli-river-rafting-1-day,5
Evelyn Shaw,evelyn.shaw47@hotmail.com,trishuli-river-rafting-1-day,5
Hugo Murphy,hugo.murphy41@yahoo.com,trishuli-river-rafting-1-day,5
Jack Cooper,jack.cooper59@icloud.com,trishuli-river-rafting-1-day,5
Soren Dean,soren.dean17@aol.com,trishuli-river-rafting-2-days,5
Levi Howard,levi.howard28@proton.me,trishuli-river-rafting-2-days,5
Hannah Morgan,hannah.morgan88@live.com,trishuli-river-rafting-2-days,5
Katarzyna Wood,katarzyna.wood92@ymail.com,trishuli-river-rafting-2-days,5
Erik Dean,erik.dean10@gmx.com,trishuli-river-rafting-2-days,5
Aleksandra Fraser,aleksandra.fraser69@mail.com,trishuli-river-rafting-2-days,5
Claire Robinson,claire.robinson90@gmail.com,trishuli-river-rafting-2-days,5
Samuel Hooper,samuel.hooper40@outlook.com,trishuli-river-rafting-2-days,5
Evelyn Woods,evelyn.woods74@hotmail.com,trishuli-river-rafting-2-days,5
Isaac Fox,isaac.fox13@yahoo.com,trishuli-river-rafting-2-days,5
Lucas Norman,lucas.norman27@icloud.com,tsho-rolpa-trek,5
Maya Watkins,maya.watkins29@aol.com,tsho-rolpa-trek,5
Reagan Edwards,reagan.edwards98@proton.me,tsho-rolpa-trek,5
Marcus McCarthy,marcus.mccarthy73@live.com,tsho-rolpa-trek,5
Scarlett Wright,scarlett.wright69@ymail.com,tsho-rolpa-trek,5
Elise Snyder,elise.snyder89@gmx.com,tsho-rolpa-trek,5
Aurora Nguyen,aurora.nguyen59@mail.com,tsho-rolpa-trek,5
Aurora Garcia,aurora.garcia86@gmail.com,tsho-rolpa-trek,5
Anton Zimmerman,anton.zimmerman13@outlook.com,tsho-rolpa-trek,5
Enzo Foster,enzo.foster49@hotmail.com,tsho-rolpa-trek,5
Elise Ramirez,elise.ramirez62@yahoo.com,tsum-valley-and-manaslu-circuit-trek,5
Jonathan Medina,jonathan.medina10@icloud.com,tsum-valley-and-manaslu-circuit-trek,5
Levi Miller,levi.miller37@aol.com,tsum-valley-and-manaslu-circuit-trek,5
Zoe Short,zoe.short36@proton.me,tsum-valley-and-manaslu-circuit-trek,5
Oscar White,oscar.white89@live.com,tsum-valley-and-manaslu-circuit-trek,5
Jonathan Gomez,jonathan.gomez64@ymail.com,tsum-valley-and-manaslu-circuit-trek,5
Anna Watson,anna.watson97@gmx.com,tsum-valley-and-manaslu-circuit-trek,5
Theo Barnes,theo.barnes45@mail.com,tsum-valley-and-manaslu-circuit-trek,5
Matteo Morgan,matteo.morgan48@gmail.com,tsum-valley-and-manaslu-circuit-trek,5
Julian Gonzalez,julian.gonzalez98@outlook.com,tsum-valley-and-manaslu-circuit-trek,5
Connor Thompson,connor.thompson78@hotmail.com,tsum-valley-trek,5
Julia Cook,julia.cook78@yahoo.com,tsum-valley-trek,5
Madison Nguyen,madison.nguyen93@icloud.com,tsum-valley-trek,5
Layla Aguilar,layla.aguilar15@aol.com,tsum-valley-trek,5
Joanna Hughes,joanna.hughes76@proton.me,tsum-valley-trek,5
Weronika Sanchez,weronika.sanchez80@live.com,tsum-valley-trek,5
Charles Buchanan,charles.buchanan16@ymail.com,tsum-valley-trek,5
Elena Vance,elena.vance14@gmx.com,tsum-valley-trek,5
David Cook,david.cook63@mail.com,tsum-valley-trek,5
Francesco Baldwin,francesco.baldwin20@gmail.com,tsum-valley-trek,5
Mason Stone,mason.stone15@outlook.com,tukuche-peak-expedition,5
Oliver Stone,oliver.stone63@hotmail.com,tukuche-peak-expedition,5
Dominic Newman,dominic.newman97@yahoo.com,tukuche-peak-expedition,5
Caleb Evans,caleb.evans41@icloud.com,tukuche-peak-expedition,5
Elena Kelly,elena.kelly86@aol.com,tukuche-peak-expedition,5
Lukasz Ward,lukasz.ward68@proton.me,tukuche-peak-expedition,5
Ida Myers,ida.myers85@live.com,tukuche-peak-expedition,5
Mia Adams,mia.adams32@ymail.com,tukuche-peak-expedition,5
Kaylee Moore,kaylee.moore28@gmx.com,tukuche-peak-expedition,5
Noah Cruz,noah.cruz51@mail.com,tukuche-peak-expedition,5
Mateus Rodgers,mateus.rodgers31@gmail.com,ultra-light-flight-in-pokhara,5
Finn Ross,finn.ross85@outlook.com,ultra-light-flight-in-pokhara,5
Anthony Sinclair,anthony.sinclair42@hotmail.com,ultra-light-flight-in-pokhara,5
James Graham,james.graham31@yahoo.com,ultra-light-flight-in-pokhara,5
Liam Gibson,liam.gibson71@icloud.com,ultra-light-flight-in-pokhara,5
Oliver Ford,oliver.ford90@aol.com,ultra-light-flight-in-pokhara,5
Jan Cameron,jan.cameron64@proton.me,ultra-light-flight-in-pokhara,5
Isaac Thomas,isaac.thomas58@live.com,ultra-light-flight-in-pokhara,5
Giada Griffin,giada.griffin37@ymail.com,ultra-light-flight-in-pokhara,5
Nora Grant,nora.grant36@gmx.com,ultra-light-flight-in-pokhara,5
James Todd,james.todd13@mail.com,upper-dolpo-trek,5
Claire Saunders,claire.saunders45@gmail.com,upper-dolpo-trek,5
Benjamin Griffin,benjamin.griffin39@outlook.com,upper-dolpo-trek,5
Thomas Henderson,thomas.henderson20@hotmail.com,upper-dolpo-trek,5
Felix Reid,felix.reid65@yahoo.com,upper-dolpo-trek,5
Daniel Garcia,daniel.garcia37@icloud.com,upper-dolpo-trek,5
David Short,david.short27@aol.com,upper-dolpo-trek,5
Ryan Ramirez,ryan.ramirez24@proton.me,upper-dolpo-trek,5
Owen Reyes,owen.reyes74@live.com,upper-dolpo-trek,5
Ryan Miller,ryan.miller24@ymail.com,upper-dolpo-trek,5
Thomas Howard,thomas.howard38@gmx.com,upper-mustang-trek,5
Leonardo Morgan,leonardo.morgan62@mail.com,upper-mustang-trek,5
Lovisa Rodgers,lovisa.rodgers83@gmail.com,upper-mustang-trek,5
Dylan Clark,dylan.clark45@outlook.com,upper-mustang-trek,5
Erik Allen,erik.allen82@hotmail.com,upper-mustang-trek,5
Rafaela Tran,rafaela.tran72@yahoo.com,upper-mustang-trek,5
Cooper Phillips,cooper.phillips51@icloud.com,upper-mustang-trek,5
Olivia Roberts,olivia.roberts64@aol.com,upper-mustang-trek,5
Emery Cole,emery.cole40@proton.me,upper-mustang-trek,5
Emily Marshall,emily.marshall24@live.com,upper-mustang-trek,5
Magdalena Watkins,magdalena.watkins39@ymail.com,upper-mustang-trek-from-pokhara,5
Zoe Foster,zoe.foster54@gmx.com,upper-mustang-trek-from-pokhara,5
Freja Crawford,freja.crawford65@mail.com,upper-mustang-trek-from-pokhara,5
Aleksandra Ramos,aleksandra.ramos24@gmail.com,upper-mustang-trek-from-pokhara,5
Aurora Evans,aurora.evans14@outlook.com,upper-mustang-trek-from-pokhara,5
Luna Gibson,luna.gibson67@hotmail.com,upper-mustang-trek-from-pokhara,5
Oliver Henderson,oliver.henderson36@yahoo.com,upper-mustang-trek-from-pokhara,5
Felix Cox,felix.cox38@icloud.com,upper-mustang-trek-from-pokhara,5
Ryan Romero,ryan.romero15@aol.com,upper-mustang-trek-from-pokhara,5
Emil Stevens,emil.stevens43@proton.me,upper-mustang-trek-from-pokhara,5
Luke Cook,luke.cook23@live.com,yala-peak-climbing,5
Jonas Jimenez,jonas.jimenez32@ymail.com,yala-peak-climbing,5
Emily Snyder,emily.snyder78@gmx.com,yala-peak-climbing,5
Marco Baker,marco.baker79@mail.com,yala-peak-climbing,5
Kevin Douglas,kevin.douglas13@gmail.com,yala-peak-climbing,5
Isabelle McCarthy,isabelle.mccarthy13@outlook.com,yala-peak-climbing,5
Austin Sanders,austin.sanders11@hotmail.com,yala-peak-climbing,5
Jonathan Jones,jonathan.jones19@yahoo.com,yala-peak-climbing,5
Maja Kennedy,maja.kennedy70@icloud.com,yala-peak-climbing,5
Blake Williams,blake.williams19@aol.com,yala-peak-climbing,5
Chloe Wright,chloe.wright21@proton.me,yalung-ri-and-pachermo-peak-climbing,5
Joanna Thompson,joanna.thompson85@live.com,yalung-ri-and-pachermo-peak-climbing,5
Jack Graham,jack.graham59@ymail.com,yalung-ri-and-pachermo-peak-climbing,5
Robert Garcia,robert.garcia62@gmx.com,yalung-ri-and-pachermo-peak-climbing,5
Luca Collins,luca.collins35@mail.com,yalung-ri-and-pachermo-peak-climbing,5
Luke Wells,luke.wells86@gmail.com,yalung-ri-and-pachermo-peak-climbing,5
Jakub Wells,jakub.wells87@outlook.com,yalung-ri-and-pachermo-peak-climbing,5
Layla Newman,layla.newman51@hotmail.com,yalung-ri-and-pachermo-peak-climbing,5
Larissa Harris,larissa.harris33@yahoo.com,yalung-ri-and-pachermo-peak-climbing,5
Jeremiah Long,jeremiah.long54@icloud.com,yalung-ri-and-pachermo-peak-climbing,5
Ingrid Moore,ingrid.moore16@aol.com,zip-flyer-in-kushma,5
Brooklyn Griffin,brooklyn.griffin50@proton.me,zip-flyer-in-kushma,5
Lorenzo Rivera,lorenzo.rivera88@live.com,zip-flyer-in-kushma,5
Jack Warner,jack.warner41@ymail.com,zip-flyer-in-kushma,5
Isaac Anderson,isaac.anderson85@mail.com,zip-flyer-in-kushma,5
Martina Parsons,martina.parsons32@gmail.com,zip-flyer-in-kushma,5
Eliana Richardson,eliana.richardson78@outlook.com,zip-flyer-in-kushma,5
Alexander Rogers,alexander.rogers35@hotmail.com,zip-flyer-in-kushma,5
Samuel Holmes,samuel.holmes58@yahoo.com,zip-flyer-in-kushma,5
Dominic Stewart,dominic.stewart72@icloud.com,zip-flyer-in-kushma,5
Emil Bell,emil.bell16@aol.com,zipline-in-pokhara-zip-flyer,5
Aaliyah Baldwin,aaliyah.baldwin22@proton.me,zipline-in-pokhara-zip-flyer,5
Maja Reid,maja.reid16@live.com,zipline-in-pokhara-zip-flyer,5
Oliver Pearson,oliver.pearson99@ymail.com,zipline-in-pokhara-zip-flyer,5
Aleksandra Bates,aleksandra.bates87@gmx.com,zipline-in-pokhara-zip-flyer,5
Pedro Johnson,pedro.johnson32@mail.com,zipline-in-pokhara-zip-flyer,5
Ruby Lopez,ruby.lopez25@gmail.com,zipline-in-pokhara-zip-flyer,5
Joao Barnes,joao.barnes71@outlook.com,zipline-in-pokhara-zip-flyer,5
Sophia King,sophia.king12@hotmail.com,zipline-in-pokhara-zip-flyer,5
Ethan Williams,ethan.williams54@yahoo.com,zipline-in-pokhara-zip-flyer,5
